provinsi,nomor_partai,nama_partai,suara_sah_partai_dpr_ri,persentase_dari_suara_sah_provinsi,peringkat_suara_di_provinsi,total_suara_sah_partai_dpr_ri_provinsi,partai_suara_terbanyak,suara_partai_terbanyak,sumber_keputusan,url_sumber
Aceh,4,Partai Golongan Karya,594213,19.4969,1,3047729,Partai Golongan Karya,594213,KPU 1050 Tahun 2024 Lampiran II,https://jdih.kpu.go.id/data/data_kepkpu/2024kpt1050_L2.pdf
Aceh,1,Partai Kebangkitan Bangsa,587783,19.2859,2,3047729,Partai Golongan Karya,594213,KPU 1050 Tahun 2024 Lampiran II,https://jdih.kpu.go.id/data/data_kepkpu/2024kpt1050_L2.pdf
Aceh,5,Partai NasDem,328147,10.7669,3,3047729,Partai Golongan Karya,594213,KPU 1050 Tahun 2024 Lampiran II,https://jdih.kpu.go.id/data/data_kepkpu/2024kpt1050_L2.pdf
Aceh,12,Partai Amanat Nasional,268710,8.8167,4,3047729,Partai Golongan Karya,594213,KPU 1050 Tahun 2024 Lampiran II,https://jdih.kpu.go.id/data/data_kepkpu/2024kpt1050_L2.pdf
Aceh,2,Partai Gerakan Indonesia Raya,263602,8.6491,5,3047729,Partai Golongan Karya,594213,KPU 1050 Tahun 2024 Lampiran II,https://jdih.kpu.go.id/data/data_kepkpu/2024kpt1050_L2.pdf
Aceh,17,Partai Persatuan Pembangunan,230749,7.5712,6,3047729,Partai Golongan Karya,594213,KPU 1050 Tahun 2024 Lampiran II,https://jdih.kpu.go.id/data/data_kepkpu/2024kpt1050_L2.pdf
Aceh,14,Partai Demokrat,224351,7.3613,7,3047729,Partai Golongan Karya,594213,KPU 1050 Tahun 2024 Lampiran II,https://jdih.kpu.go.id/data/data_kepkpu/2024kpt1050_L2.pdf
Aceh,8,Partai Keadilan Sejahtera,223721,7.3406,8,3047729,Partai Golongan Karya,594213,KPU 1050 Tahun 2024 Lampiran II,https://jdih.kpu.go.id/data/data_kepkpu/2024kpt1050_L2.pdf
Aceh,3,Partai Demokrasi Indonesia Perjuangan,153336,5.0312,9,3047729,Partai Golongan Karya,594213,KPU 1050 Tahun 2024 Lampiran II,https://jdih.kpu.go.id/data/data_kepkpu/2024kpt1050_L2.pdf
Aceh,10,Partai Hati Nurani Rakyat,54024,1.7726,10,3047729,Partai Golongan Karya,594213,KPU 1050 Tahun 2024 Lampiran II,https://jdih.kpu.go.id/data/data_kepkpu/2024kpt1050_L2.pdf
Aceh,13,Partai Bulan Bintang,25134,0.8247,11,3047729,Partai Golongan Karya,594213,KPU 1050 Tahun 2024 Lampiran II,https://jdih.kpu.go.id/data/data_kepkpu/2024kpt1050_L2.pdf
Aceh,15,Partai Solidaritas Indonesia,22809,0.7484,12,3047729,Partai Golongan Karya,594213,KPU 1050 Tahun 2024 Lampiran II,https://jdih.kpu.go.id/data/data_kepkpu/2024kpt1050_L2.pdf
Aceh,7,Partai Gelombang Rakyat Indonesia,19625,0.6439,13,3047729,Partai Golongan Karya,594213,KPU 1050 Tahun 2024 Lampiran II,https://jdih.kpu.go.id/data/data_kepkpu/2024kpt1050_L2.pdf
Aceh,24,Partai Ummat,18274,0.5996,14,3047729,Partai Golongan Karya,594213,KPU 1050 Tahun 2024 Lampiran II,https://jdih.kpu.go.id/data/data_kepkpu/2024kpt1050_L2.pdf
Aceh,6,Partai Buruh,12823,0.4207,15,3047729,Partai Golongan Karya,594213,KPU 1050 Tahun 2024 Lampiran II,https://jdih.kpu.go.id/data/data_kepkpu/2024kpt1050_L2.pdf
Aceh,16,Partai PERINDO,8349,0.2739,16,3047729,Partai Golongan Karya,594213,KPU 1050 Tahun 2024 Lampiran II,https://jdih.kpu.go.id/data/data_kepkpu/2024kpt1050_L2.pdf
Aceh,11,Partai Garda Republik Indonesia,8051,0.2642,17,3047729,Partai Golongan Karya,594213,KPU 1050 Tahun 2024 Lampiran II,https://jdih.kpu.go.id/data/data_kepkpu/2024kpt1050_L2.pdf
Aceh,9,Partai Kebangkitan Nusantara,4028,0.1322,18,3047729,Partai Golongan Karya,594213,KPU 1050 Tahun 2024 Lampiran II,https://jdih.kpu.go.id/data/data_kepkpu/2024kpt1050_L2.pdf
Sumatera Utara,4,Partai Golongan Karya,1712074,23.1093,1,7408581,Partai Golongan Karya,1712074,KPU 1050 Tahun 2024 Lampiran II,https://jdih.kpu.go.id/data/data_kepkpu/2024kpt1050_L2.pdf
Sumatera Utara,3,Partai Demokrasi Indonesia Perjuangan,1383049,18.6682,2,7408581,Partai Golongan Karya,1712074,KPU 1050 Tahun 2024 Lampiran II,https://jdih.kpu.go.id/data/data_kepkpu/2024kpt1050_L2.pdf
Sumatera Utara,2,Partai Gerakan Indonesia Raya,915612,12.3588,3,7408581,Partai Golongan Karya,1712074,KPU 1050 Tahun 2024 Lampiran II,https://jdih.kpu.go.id/data/data_kepkpu/2024kpt1050_L2.pdf
Sumatera Utara,5,Partai NasDem,847835,11.444,4,7408581,Partai Golongan Karya,1712074,KPU 1050 Tahun 2024 Lampiran II,https://jdih.kpu.go.id/data/data_kepkpu/2024kpt1050_L2.pdf
Sumatera Utara,8,Partai Keadilan Sejahtera,602832,8.1369,5,7408581,Partai Golongan Karya,1712074,KPU 1050 Tahun 2024 Lampiran II,https://jdih.kpu.go.id/data/data_kepkpu/2024kpt1050_L2.pdf
Sumatera Utara,14,Partai Demokrat,551861,7.4489,6,7408581,Partai Golongan Karya,1712074,KPU 1050 Tahun 2024 Lampiran II,https://jdih.kpu.go.id/data/data_kepkpu/2024kpt1050_L2.pdf
Sumatera Utara,1,Partai Kebangkitan Bangsa,434162,5.8603,7,7408581,Partai Golongan Karya,1712074,KPU 1050 Tahun 2024 Lampiran II,https://jdih.kpu.go.id/data/data_kepkpu/2024kpt1050_L2.pdf
Sumatera Utara,12,Partai Amanat Nasional,359489,4.8523,8,7408581,Partai Golongan Karya,1712074,KPU 1050 Tahun 2024 Lampiran II,https://jdih.kpu.go.id/data/data_kepkpu/2024kpt1050_L2.pdf
Sumatera Utara,16,Partai PERINDO,176044,2.3762,9,7408581,Partai Golongan Karya,1712074,KPU 1050 Tahun 2024 Lampiran II,https://jdih.kpu.go.id/data/data_kepkpu/2024kpt1050_L2.pdf
Sumatera Utara,15,Partai Solidaritas Indonesia,104735,1.4137,10,7408581,Partai Golongan Karya,1712074,KPU 1050 Tahun 2024 Lampiran II,https://jdih.kpu.go.id/data/data_kepkpu/2024kpt1050_L2.pdf
Sumatera Utara,17,Partai Persatuan Pembangunan,93038,1.2558,11,7408581,Partai Golongan Karya,1712074,KPU 1050 Tahun 2024 Lampiran II,https://jdih.kpu.go.id/data/data_kepkpu/2024kpt1050_L2.pdf
Sumatera Utara,10,Partai Hati Nurani Rakyat,71905,0.9706,12,7408581,Partai Golongan Karya,1712074,KPU 1050 Tahun 2024 Lampiran II,https://jdih.kpu.go.id/data/data_kepkpu/2024kpt1050_L2.pdf
Sumatera Utara,7,Partai Gelombang Rakyat Indonesia,44403,0.5993,13,7408581,Partai Golongan Karya,1712074,KPU 1050 Tahun 2024 Lampiran II,https://jdih.kpu.go.id/data/data_kepkpu/2024kpt1050_L2.pdf
Sumatera Utara,6,Partai Buruh,34956,0.4718,14,7408581,Partai Golongan Karya,1712074,KPU 1050 Tahun 2024 Lampiran II,https://jdih.kpu.go.id/data/data_kepkpu/2024kpt1050_L2.pdf
Sumatera Utara,24,Partai Ummat,33520,0.4524,15,7408581,Partai Golongan Karya,1712074,KPU 1050 Tahun 2024 Lampiran II,https://jdih.kpu.go.id/data/data_kepkpu/2024kpt1050_L2.pdf
Sumatera Utara,13,Partai Bulan Bintang,18262,0.2465,16,7408581,Partai Golongan Karya,1712074,KPU 1050 Tahun 2024 Lampiran II,https://jdih.kpu.go.id/data/data_kepkpu/2024kpt1050_L2.pdf
Sumatera Utara,11,Partai Garda Republik Indonesia,16823,0.2271,17,7408581,Partai Golongan Karya,1712074,KPU 1050 Tahun 2024 Lampiran II,https://jdih.kpu.go.id/data/data_kepkpu/2024kpt1050_L2.pdf
Sumatera Utara,9,Partai Kebangkitan Nusantara,7981,0.1077,18,7408581,Partai Golongan Karya,1712074,KPU 1050 Tahun 2024 Lampiran II,https://jdih.kpu.go.id/data/data_kepkpu/2024kpt1050_L2.pdf
Sumatera Barat,5,Partai NasDem,475586,16.2859,1,2920240,Partai NasDem,475586,KPU 1050 Tahun 2024 Lampiran II,https://jdih.kpu.go.id/data/data_kepkpu/2024kpt1050_L2.pdf
Sumatera Barat,2,Partai Gerakan Indonesia Raya,398477,13.6454,2,2920240,Partai NasDem,475586,KPU 1050 Tahun 2024 Lampiran II,https://jdih.kpu.go.id/data/data_kepkpu/2024kpt1050_L2.pdf
Sumatera Barat,12,Partai Amanat Nasional,382856,13.1104,3,2920240,Partai NasDem,475586,KPU 1050 Tahun 2024 Lampiran II,https://jdih.kpu.go.id/data/data_kepkpu/2024kpt1050_L2.pdf
Sumatera Barat,8,Partai Keadilan Sejahtera,381879,13.077,4,2920240,Partai NasDem,475586,KPU 1050 Tahun 2024 Lampiran II,https://jdih.kpu.go.id/data/data_kepkpu/2024kpt1050_L2.pdf
Sumatera Barat,4,Partai Golongan Karya,354500,12.1394,5,2920240,Partai NasDem,475586,KPU 1050 Tahun 2024 Lampiran II,https://jdih.kpu.go.id/data/data_kepkpu/2024kpt1050_L2.pdf
Sumatera Barat,14,Partai Demokrat,258149,8.84,6,2920240,Partai NasDem,475586,KPU 1050 Tahun 2024 Lampiran II,https://jdih.kpu.go.id/data/data_kepkpu/2024kpt1050_L2.pdf
Sumatera Barat,3,Partai Demokrasi Indonesia Perjuangan,245407,8.4037,7,2920240,Partai NasDem,475586,KPU 1050 Tahun 2024 Lampiran II,https://jdih.kpu.go.id/data/data_kepkpu/2024kpt1050_L2.pdf
Sumatera Barat,1,Partai Kebangkitan Bangsa,150872,5.1664,8,2920240,Partai NasDem,475586,KPU 1050 Tahun 2024 Lampiran II,https://jdih.kpu.go.id/data/data_kepkpu/2024kpt1050_L2.pdf
Sumatera Barat,17,Partai Persatuan Pembangunan,124748,4.2718,9,2920240,Partai NasDem,475586,KPU 1050 Tahun 2024 Lampiran II,https://jdih.kpu.go.id/data/data_kepkpu/2024kpt1050_L2.pdf
Sumatera Barat,24,Partai Ummat,34396,1.1778,10,2920240,Partai NasDem,475586,KPU 1050 Tahun 2024 Lampiran II,https://jdih.kpu.go.id/data/data_kepkpu/2024kpt1050_L2.pdf
Sumatera Barat,10,Partai Hati Nurani Rakyat,22606,0.7741,11,2920240,Partai NasDem,475586,KPU 1050 Tahun 2024 Lampiran II,https://jdih.kpu.go.id/data/data_kepkpu/2024kpt1050_L2.pdf
Sumatera Barat,7,Partai Gelombang Rakyat Indonesia,22251,0.762,12,2920240,Partai NasDem,475586,KPU 1050 Tahun 2024 Lampiran II,https://jdih.kpu.go.id/data/data_kepkpu/2024kpt1050_L2.pdf
Sumatera Barat,15,Partai Solidaritas Indonesia,15385,0.5268,13,2920240,Partai NasDem,475586,KPU 1050 Tahun 2024 Lampiran II,https://jdih.kpu.go.id/data/data_kepkpu/2024kpt1050_L2.pdf
Sumatera Barat,13,Partai Bulan Bintang,14340,0.4911,14,2920240,Partai NasDem,475586,KPU 1050 Tahun 2024 Lampiran II,https://jdih.kpu.go.id/data/data_kepkpu/2024kpt1050_L2.pdf
Sumatera Barat,6,Partai Buruh,14330,0.4907,15,2920240,Partai NasDem,475586,KPU 1050 Tahun 2024 Lampiran II,https://jdih.kpu.go.id/data/data_kepkpu/2024kpt1050_L2.pdf
Sumatera Barat,16,Partai PERINDO,11251,0.3853,16,2920240,Partai NasDem,475586,KPU 1050 Tahun 2024 Lampiran II,https://jdih.kpu.go.id/data/data_kepkpu/2024kpt1050_L2.pdf
Sumatera Barat,11,Partai Garda Republik Indonesia,9379,0.3212,17,2920240,Partai NasDem,475586,KPU 1050 Tahun 2024 Lampiran II,https://jdih.kpu.go.id/data/data_kepkpu/2024kpt1050_L2.pdf
Sumatera Barat,9,Partai Kebangkitan Nusantara,3828,0.1311,18,2920240,Partai NasDem,475586,KPU 1050 Tahun 2024 Lampiran II,https://jdih.kpu.go.id/data/data_kepkpu/2024kpt1050_L2.pdf
Riau,4,Partai Golongan Karya,770977,22.7275,1,3392259,Partai Golongan Karya,770977,KPU 1050 Tahun 2024 Lampiran II,https://jdih.kpu.go.id/data/data_kepkpu/2024kpt1050_L2.pdf
Riau,3,Partai Demokrasi Indonesia Perjuangan,431177,12.7106,2,3392259,Partai Golongan Karya,770977,KPU 1050 Tahun 2024 Lampiran II,https://jdih.kpu.go.id/data/data_kepkpu/2024kpt1050_L2.pdf
Riau,8,Partai Keadilan Sejahtera,384023,11.3206,3,3392259,Partai Golongan Karya,770977,KPU 1050 Tahun 2024 Lampiran II,https://jdih.kpu.go.id/data/data_kepkpu/2024kpt1050_L2.pdf
Riau,1,Partai Kebangkitan Bangsa,351942,10.3749,4,3392259,Partai Golongan Karya,770977,KPU 1050 Tahun 2024 Lampiran II,https://jdih.kpu.go.id/data/data_kepkpu/2024kpt1050_L2.pdf
Riau,2,Partai Gerakan Indonesia Raya,301207,8.8792,5,3392259,Partai Golongan Karya,770977,KPU 1050 Tahun 2024 Lampiran II,https://jdih.kpu.go.id/data/data_kepkpu/2024kpt1050_L2.pdf
Riau,14,Partai Demokrat,285992,8.4307,6,3392259,Partai Golongan Karya,770977,KPU 1050 Tahun 2024 Lampiran II,https://jdih.kpu.go.id/data/data_kepkpu/2024kpt1050_L2.pdf
Riau,12,Partai Amanat Nasional,266112,7.8447,7,3392259,Partai Golongan Karya,770977,KPU 1050 Tahun 2024 Lampiran II,https://jdih.kpu.go.id/data/data_kepkpu/2024kpt1050_L2.pdf
Riau,5,Partai NasDem,252177,7.4339,8,3392259,Partai Golongan Karya,770977,KPU 1050 Tahun 2024 Lampiran II,https://jdih.kpu.go.id/data/data_kepkpu/2024kpt1050_L2.pdf
Riau,17,Partai Persatuan Pembangunan,98679,2.9089,9,3392259,Partai Golongan Karya,770977,KPU 1050 Tahun 2024 Lampiran II,https://jdih.kpu.go.id/data/data_kepkpu/2024kpt1050_L2.pdf
Riau,15,Partai Solidaritas Indonesia,77468,2.2837,10,3392259,Partai Golongan Karya,770977,KPU 1050 Tahun 2024 Lampiran II,https://jdih.kpu.go.id/data/data_kepkpu/2024kpt1050_L2.pdf
Riau,16,Partai PERINDO,63693,1.8776,11,3392259,Partai Golongan Karya,770977,KPU 1050 Tahun 2024 Lampiran II,https://jdih.kpu.go.id/data/data_kepkpu/2024kpt1050_L2.pdf
Riau,7,Partai Gelombang Rakyat Indonesia,22559,0.665,12,3392259,Partai Golongan Karya,770977,KPU 1050 Tahun 2024 Lampiran II,https://jdih.kpu.go.id/data/data_kepkpu/2024kpt1050_L2.pdf
Riau,10,Partai Hati Nurani Rakyat,21162,0.6238,13,3392259,Partai Golongan Karya,770977,KPU 1050 Tahun 2024 Lampiran II,https://jdih.kpu.go.id/data/data_kepkpu/2024kpt1050_L2.pdf
Riau,6,Partai Buruh,18235,0.5375,14,3392259,Partai Golongan Karya,770977,KPU 1050 Tahun 2024 Lampiran II,https://jdih.kpu.go.id/data/data_kepkpu/2024kpt1050_L2.pdf
Riau,24,Partai Ummat,18143,0.5348,15,3392259,Partai Golongan Karya,770977,KPU 1050 Tahun 2024 Lampiran II,https://jdih.kpu.go.id/data/data_kepkpu/2024kpt1050_L2.pdf
Riau,13,Partai Bulan Bintang,13761,0.4057,16,3392259,Partai Golongan Karya,770977,KPU 1050 Tahun 2024 Lampiran II,https://jdih.kpu.go.id/data/data_kepkpu/2024kpt1050_L2.pdf
Riau,11,Partai Garda Republik Indonesia,8976,0.2646,17,3392259,Partai Golongan Karya,770977,KPU 1050 Tahun 2024 Lampiran II,https://jdih.kpu.go.id/data/data_kepkpu/2024kpt1050_L2.pdf
Riau,9,Partai Kebangkitan Nusantara,5976,0.1762,18,3392259,Partai Golongan Karya,770977,KPU 1050 Tahun 2024 Lampiran II,https://jdih.kpu.go.id/data/data_kepkpu/2024kpt1050_L2.pdf
Jambi,4,Partai Golongan Karya,341039,17.4737,1,1951724,Partai Golongan Karya,341039,KPU 1050 Tahun 2024 Lampiran II,https://jdih.kpu.go.id/data/data_kepkpu/2024kpt1050_L2.pdf
Jambi,3,Partai Demokrasi Indonesia Perjuangan,318124,16.2996,2,1951724,Partai Golongan Karya,341039,KPU 1050 Tahun 2024 Lampiran II,https://jdih.kpu.go.id/data/data_kepkpu/2024kpt1050_L2.pdf
Jambi,2,Partai Gerakan Indonesia Raya,241351,12.366,3,1951724,Partai Golongan Karya,341039,KPU 1050 Tahun 2024 Lampiran II,https://jdih.kpu.go.id/data/data_kepkpu/2024kpt1050_L2.pdf
Jambi,1,Partai Kebangkitan Bangsa,212847,10.9056,4,1951724,Partai Golongan Karya,341039,KPU 1050 Tahun 2024 Lampiran II,https://jdih.kpu.go.id/data/data_kepkpu/2024kpt1050_L2.pdf
Jambi,14,Partai Demokrat,197962,10.1429,5,1951724,Partai Golongan Karya,341039,KPU 1050 Tahun 2024 Lampiran II,https://jdih.kpu.go.id/data/data_kepkpu/2024kpt1050_L2.pdf
Jambi,5,Partai NasDem,176441,9.0403,6,1951724,Partai Golongan Karya,341039,KPU 1050 Tahun 2024 Lampiran II,https://jdih.kpu.go.id/data/data_kepkpu/2024kpt1050_L2.pdf
Jambi,12,Partai Amanat Nasional,166290,8.5202,7,1951724,Partai Golongan Karya,341039,KPU 1050 Tahun 2024 Lampiran II,https://jdih.kpu.go.id/data/data_kepkpu/2024kpt1050_L2.pdf
Jambi,8,Partai Keadilan Sejahtera,107298,5.4976,8,1951724,Partai Golongan Karya,341039,KPU 1050 Tahun 2024 Lampiran II,https://jdih.kpu.go.id/data/data_kepkpu/2024kpt1050_L2.pdf
Jambi,17,Partai Persatuan Pembangunan,58114,2.9776,9,1951724,Partai Golongan Karya,341039,KPU 1050 Tahun 2024 Lampiran II,https://jdih.kpu.go.id/data/data_kepkpu/2024kpt1050_L2.pdf
Jambi,15,Partai Solidaritas Indonesia,34649,1.7753,10,1951724,Partai Golongan Karya,341039,KPU 1050 Tahun 2024 Lampiran II,https://jdih.kpu.go.id/data/data_kepkpu/2024kpt1050_L2.pdf
Jambi,16,Partai PERINDO,28989,1.4853,11,1951724,Partai Golongan Karya,341039,KPU 1050 Tahun 2024 Lampiran II,https://jdih.kpu.go.id/data/data_kepkpu/2024kpt1050_L2.pdf
Jambi,7,Partai Gelombang Rakyat Indonesia,15627,0.8007,12,1951724,Partai Golongan Karya,341039,KPU 1050 Tahun 2024 Lampiran II,https://jdih.kpu.go.id/data/data_kepkpu/2024kpt1050_L2.pdf
Jambi,10,Partai Hati Nurani Rakyat,12783,0.655,13,1951724,Partai Golongan Karya,341039,KPU 1050 Tahun 2024 Lampiran II,https://jdih.kpu.go.id/data/data_kepkpu/2024kpt1050_L2.pdf
Jambi,6,Partai Buruh,12233,0.6268,14,1951724,Partai Golongan Karya,341039,KPU 1050 Tahun 2024 Lampiran II,https://jdih.kpu.go.id/data/data_kepkpu/2024kpt1050_L2.pdf
Jambi,24,Partai Ummat,10135,0.5193,15,1951724,Partai Golongan Karya,341039,KPU 1050 Tahun 2024 Lampiran II,https://jdih.kpu.go.id/data/data_kepkpu/2024kpt1050_L2.pdf
Jambi,11,Partai Garda Republik Indonesia,6729,0.3448,16,1951724,Partai Golongan Karya,341039,KPU 1050 Tahun 2024 Lampiran II,https://jdih.kpu.go.id/data/data_kepkpu/2024kpt1050_L2.pdf
Jambi,9,Partai Kebangkitan Nusantara,5656,0.2898,17,1951724,Partai Golongan Karya,341039,KPU 1050 Tahun 2024 Lampiran II,https://jdih.kpu.go.id/data/data_kepkpu/2024kpt1050_L2.pdf
Jambi,13,Partai Bulan Bintang,5457,0.2796,18,1951724,Partai Golongan Karya,341039,KPU 1050 Tahun 2024 Lampiran II,https://jdih.kpu.go.id/data/data_kepkpu/2024kpt1050_L2.pdf
Sumatera Selatan,4,Partai Golongan Karya,857642,17.5934,1,4874788,Partai Golongan Karya,857642,KPU 1050 Tahun 2024 Lampiran II,https://jdih.kpu.go.id/data/data_kepkpu/2024kpt1050_L2.pdf
Sumatera Selatan,5,Partai NasDem,834680,17.1224,2,4874788,Partai Golongan Karya,857642,KPU 1050 Tahun 2024 Lampiran II,https://jdih.kpu.go.id/data/data_kepkpu/2024kpt1050_L2.pdf
Sumatera Selatan,2,Partai Gerakan Indonesia Raya,766894,15.7318,3,4874788,Partai Golongan Karya,857642,KPU 1050 Tahun 2024 Lampiran II,https://jdih.kpu.go.id/data/data_kepkpu/2024kpt1050_L2.pdf
Sumatera Selatan,14,Partai Demokrat,480801,9.863,4,4874788,Partai Golongan Karya,857642,KPU 1050 Tahun 2024 Lampiran II,https://jdih.kpu.go.id/data/data_kepkpu/2024kpt1050_L2.pdf
Sumatera Selatan,3,Partai Demokrasi Indonesia Perjuangan,471907,9.6806,5,4874788,Partai Golongan Karya,857642,KPU 1050 Tahun 2024 Lampiran II,https://jdih.kpu.go.id/data/data_kepkpu/2024kpt1050_L2.pdf
Sumatera Selatan,1,Partai Kebangkitan Bangsa,441748,9.0619,6,4874788,Partai Golongan Karya,857642,KPU 1050 Tahun 2024 Lampiran II,https://jdih.kpu.go.id/data/data_kepkpu/2024kpt1050_L2.pdf
Sumatera Selatan,12,Partai Amanat Nasional,329836,6.7662,7,4874788,Partai Golongan Karya,857642,KPU 1050 Tahun 2024 Lampiran II,https://jdih.kpu.go.id/data/data_kepkpu/2024kpt1050_L2.pdf
Sumatera Selatan,8,Partai Keadilan Sejahtera,294282,6.0368,8,4874788,Partai Golongan Karya,857642,KPU 1050 Tahun 2024 Lampiran II,https://jdih.kpu.go.id/data/data_kepkpu/2024kpt1050_L2.pdf
Sumatera Selatan,15,Partai Solidaritas Indonesia,92503,1.8976,9,4874788,Partai Golongan Karya,857642,KPU 1050 Tahun 2024 Lampiran II,https://jdih.kpu.go.id/data/data_kepkpu/2024kpt1050_L2.pdf
Sumatera Selatan,17,Partai Persatuan Pembangunan,55280,1.134,10,4874788,Partai Golongan Karya,857642,KPU 1050 Tahun 2024 Lampiran II,https://jdih.kpu.go.id/data/data_kepkpu/2024kpt1050_L2.pdf
Sumatera Selatan,10,Partai Hati Nurani Rakyat,52535,1.0777,11,4874788,Partai Golongan Karya,857642,KPU 1050 Tahun 2024 Lampiran II,https://jdih.kpu.go.id/data/data_kepkpu/2024kpt1050_L2.pdf
Sumatera Selatan,16,Partai PERINDO,47948,0.9836,12,4874788,Partai Golongan Karya,857642,KPU 1050 Tahun 2024 Lampiran II,https://jdih.kpu.go.id/data/data_kepkpu/2024kpt1050_L2.pdf
Sumatera Selatan,7,Partai Gelombang Rakyat Indonesia,33234,0.6818,13,4874788,Partai Golongan Karya,857642,KPU 1050 Tahun 2024 Lampiran II,https://jdih.kpu.go.id/data/data_kepkpu/2024kpt1050_L2.pdf
Sumatera Selatan,6,Partai Buruh,28911,0.5931,14,4874788,Partai Golongan Karya,857642,KPU 1050 Tahun 2024 Lampiran II,https://jdih.kpu.go.id/data/data_kepkpu/2024kpt1050_L2.pdf
Sumatera Selatan,13,Partai Bulan Bintang,22808,0.4679,15,4874788,Partai Golongan Karya,857642,KPU 1050 Tahun 2024 Lampiran II,https://jdih.kpu.go.id/data/data_kepkpu/2024kpt1050_L2.pdf
Sumatera Selatan,24,Partai Ummat,21537,0.4418,16,4874788,Partai Golongan Karya,857642,KPU 1050 Tahun 2024 Lampiran II,https://jdih.kpu.go.id/data/data_kepkpu/2024kpt1050_L2.pdf
Sumatera Selatan,11,Partai Garda Republik Indonesia,21469,0.4404,17,4874788,Partai Golongan Karya,857642,KPU 1050 Tahun 2024 Lampiran II,https://jdih.kpu.go.id/data/data_kepkpu/2024kpt1050_L2.pdf
Sumatera Selatan,9,Partai Kebangkitan Nusantara,20773,0.4261,18,4874788,Partai Golongan Karya,857642,KPU 1050 Tahun 2024 Lampiran II,https://jdih.kpu.go.id/data/data_kepkpu/2024kpt1050_L2.pdf
Bengkulu,4,Partai Golongan Karya,324563,28.1832,1,1151620,Partai Golongan Karya,324563,KPU 1050 Tahun 2024 Lampiran II,https://jdih.kpu.go.id/data/data_kepkpu/2024kpt1050_L2.pdf
Bengkulu,12,Partai Amanat Nasional,188346,16.3549,2,1151620,Partai Golongan Karya,324563,KPU 1050 Tahun 2024 Lampiran II,https://jdih.kpu.go.id/data/data_kepkpu/2024kpt1050_L2.pdf
Bengkulu,3,Partai Demokrasi Indonesia Perjuangan,180917,15.7098,3,1151620,Partai Golongan Karya,324563,KPU 1050 Tahun 2024 Lampiran II,https://jdih.kpu.go.id/data/data_kepkpu/2024kpt1050_L2.pdf
Bengkulu,5,Partai NasDem,141236,12.2641,4,1151620,Partai Golongan Karya,324563,KPU 1050 Tahun 2024 Lampiran II,https://jdih.kpu.go.id/data/data_kepkpu/2024kpt1050_L2.pdf
Bengkulu,2,Partai Gerakan Indonesia Raya,88087,7.649,5,1151620,Partai Golongan Karya,324563,KPU 1050 Tahun 2024 Lampiran II,https://jdih.kpu.go.id/data/data_kepkpu/2024kpt1050_L2.pdf
Bengkulu,8,Partai Keadilan Sejahtera,70344,6.1083,6,1151620,Partai Golongan Karya,324563,KPU 1050 Tahun 2024 Lampiran II,https://jdih.kpu.go.id/data/data_kepkpu/2024kpt1050_L2.pdf
Bengkulu,1,Partai Kebangkitan Bangsa,30979,2.69,7,1151620,Partai Golongan Karya,324563,KPU 1050 Tahun 2024 Lampiran II,https://jdih.kpu.go.id/data/data_kepkpu/2024kpt1050_L2.pdf
Bengkulu,16,Partai PERINDO,29775,2.5855,8,1151620,Partai Golongan Karya,324563,KPU 1050 Tahun 2024 Lampiran II,https://jdih.kpu.go.id/data/data_kepkpu/2024kpt1050_L2.pdf
Bengkulu,14,Partai Demokrat,27368,2.3765,9,1151620,Partai Golongan Karya,324563,KPU 1050 Tahun 2024 Lampiran II,https://jdih.kpu.go.id/data/data_kepkpu/2024kpt1050_L2.pdf
Bengkulu,15,Partai Solidaritas Indonesia,17214,1.4948,10,1151620,Partai Golongan Karya,324563,KPU 1050 Tahun 2024 Lampiran II,https://jdih.kpu.go.id/data/data_kepkpu/2024kpt1050_L2.pdf
Bengkulu,10,Partai Hati Nurani Rakyat,11688,1.0149,11,1151620,Partai Golongan Karya,324563,KPU 1050 Tahun 2024 Lampiran II,https://jdih.kpu.go.id/data/data_kepkpu/2024kpt1050_L2.pdf
Bengkulu,7,Partai Gelombang Rakyat Indonesia,10400,0.9031,12,1151620,Partai Golongan Karya,324563,KPU 1050 Tahun 2024 Lampiran II,https://jdih.kpu.go.id/data/data_kepkpu/2024kpt1050_L2.pdf
Bengkulu,17,Partai Persatuan Pembangunan,9460,0.8215,13,1151620,Partai Golongan Karya,324563,KPU 1050 Tahun 2024 Lampiran II,https://jdih.kpu.go.id/data/data_kepkpu/2024kpt1050_L2.pdf
Bengkulu,6,Partai Buruh,6399,0.5557,14,1151620,Partai Golongan Karya,324563,KPU 1050 Tahun 2024 Lampiran II,https://jdih.kpu.go.id/data/data_kepkpu/2024kpt1050_L2.pdf
Bengkulu,11,Partai Garda Republik Indonesia,4300,0.3734,15,1151620,Partai Golongan Karya,324563,KPU 1050 Tahun 2024 Lampiran II,https://jdih.kpu.go.id/data/data_kepkpu/2024kpt1050_L2.pdf
Bengkulu,24,Partai Ummat,3838,0.3333,16,1151620,Partai Golongan Karya,324563,KPU 1050 Tahun 2024 Lampiran II,https://jdih.kpu.go.id/data/data_kepkpu/2024kpt1050_L2.pdf
Bengkulu,13,Partai Bulan Bintang,3663,0.3181,17,1151620,Partai Golongan Karya,324563,KPU 1050 Tahun 2024 Lampiran II,https://jdih.kpu.go.id/data/data_kepkpu/2024kpt1050_L2.pdf
Bengkulu,9,Partai Kebangkitan Nusantara,3043,0.2642,18,1151620,Partai Golongan Karya,324563,KPU 1050 Tahun 2024 Lampiran II,https://jdih.kpu.go.id/data/data_kepkpu/2024kpt1050_L2.pdf
Lampung,2,Partai Gerakan Indonesia Raya,806836,17.3444,1,4651843,Partai Gerakan Indonesia Raya,806836,KPU 1050 Tahun 2024 Lampiran II,https://jdih.kpu.go.id/data/data_kepkpu/2024kpt1050_L2.pdf
Lampung,3,Partai Demokrasi Indonesia Perjuangan,724522,15.5749,2,4651843,Partai Gerakan Indonesia Raya,806836,KPU 1050 Tahun 2024 Lampiran II,https://jdih.kpu.go.id/data/data_kepkpu/2024kpt1050_L2.pdf
Lampung,4,Partai Golongan Karya,670414,14.4118,3,4651843,Partai Gerakan Indonesia Raya,806836,KPU 1050 Tahun 2024 Lampiran II,https://jdih.kpu.go.id/data/data_kepkpu/2024kpt1050_L2.pdf
Lampung,1,Partai Kebangkitan Bangsa,579246,12.452,4,4651843,Partai Gerakan Indonesia Raya,806836,KPU 1050 Tahun 2024 Lampiran II,https://jdih.kpu.go.id/data/data_kepkpu/2024kpt1050_L2.pdf
Lampung,5,Partai NasDem,443412,9.532,5,4651843,Partai Gerakan Indonesia Raya,806836,KPU 1050 Tahun 2024 Lampiran II,https://jdih.kpu.go.id/data/data_kepkpu/2024kpt1050_L2.pdf
Lampung,14,Partai Demokrat,428727,9.2163,6,4651843,Partai Gerakan Indonesia Raya,806836,KPU 1050 Tahun 2024 Lampiran II,https://jdih.kpu.go.id/data/data_kepkpu/2024kpt1050_L2.pdf
Lampung,12,Partai Amanat Nasional,364060,7.8261,7,4651843,Partai Gerakan Indonesia Raya,806836,KPU 1050 Tahun 2024 Lampiran II,https://jdih.kpu.go.id/data/data_kepkpu/2024kpt1050_L2.pdf
Lampung,8,Partai Keadilan Sejahtera,303074,6.5151,8,4651843,Partai Gerakan Indonesia Raya,806836,KPU 1050 Tahun 2024 Lampiran II,https://jdih.kpu.go.id/data/data_kepkpu/2024kpt1050_L2.pdf
Lampung,15,Partai Solidaritas Indonesia,93721,2.0147,9,4651843,Partai Gerakan Indonesia Raya,806836,KPU 1050 Tahun 2024 Lampiran II,https://jdih.kpu.go.id/data/data_kepkpu/2024kpt1050_L2.pdf
Lampung,17,Partai Persatuan Pembangunan,69049,1.4843,10,4651843,Partai Gerakan Indonesia Raya,806836,KPU 1050 Tahun 2024 Lampiran II,https://jdih.kpu.go.id/data/data_kepkpu/2024kpt1050_L2.pdf
Lampung,16,Partai PERINDO,48052,1.033,11,4651843,Partai Gerakan Indonesia Raya,806836,KPU 1050 Tahun 2024 Lampiran II,https://jdih.kpu.go.id/data/data_kepkpu/2024kpt1050_L2.pdf
Lampung,6,Partai Buruh,27738,0.5963,12,4651843,Partai Gerakan Indonesia Raya,806836,KPU 1050 Tahun 2024 Lampiran II,https://jdih.kpu.go.id/data/data_kepkpu/2024kpt1050_L2.pdf
Lampung,7,Partai Gelombang Rakyat Indonesia,27631,0.594,13,4651843,Partai Gerakan Indonesia Raya,806836,KPU 1050 Tahun 2024 Lampiran II,https://jdih.kpu.go.id/data/data_kepkpu/2024kpt1050_L2.pdf
Lampung,10,Partai Hati Nurani Rakyat,20815,0.4475,14,4651843,Partai Gerakan Indonesia Raya,806836,KPU 1050 Tahun 2024 Lampiran II,https://jdih.kpu.go.id/data/data_kepkpu/2024kpt1050_L2.pdf
Lampung,24,Partai Ummat,15393,0.3309,15,4651843,Partai Gerakan Indonesia Raya,806836,KPU 1050 Tahun 2024 Lampiran II,https://jdih.kpu.go.id/data/data_kepkpu/2024kpt1050_L2.pdf
Lampung,11,Partai Garda Republik Indonesia,14021,0.3014,16,4651843,Partai Gerakan Indonesia Raya,806836,KPU 1050 Tahun 2024 Lampiran II,https://jdih.kpu.go.id/data/data_kepkpu/2024kpt1050_L2.pdf
Lampung,13,Partai Bulan Bintang,8431,0.1812,17,4651843,Partai Gerakan Indonesia Raya,806836,KPU 1050 Tahun 2024 Lampiran II,https://jdih.kpu.go.id/data/data_kepkpu/2024kpt1050_L2.pdf
Lampung,9,Partai Kebangkitan Nusantara,6701,0.1441,18,4651843,Partai Gerakan Indonesia Raya,806836,KPU 1050 Tahun 2024 Lampiran II,https://jdih.kpu.go.id/data/data_kepkpu/2024kpt1050_L2.pdf
Kepulauan Bangka Belitung,2,Partai Gerakan Indonesia Raya,172949,22.4082,1,771812,Partai Gerakan Indonesia Raya,172949,KPU 1050 Tahun 2024 Lampiran II,https://jdih.kpu.go.id/data/data_kepkpu/2024kpt1050_L2.pdf
Kepulauan Bangka Belitung,3,Partai Demokrasi Indonesia Perjuangan,168406,21.8196,2,771812,Partai Gerakan Indonesia Raya,172949,KPU 1050 Tahun 2024 Lampiran II,https://jdih.kpu.go.id/data/data_kepkpu/2024kpt1050_L2.pdf
Kepulauan Bangka Belitung,4,Partai Golongan Karya,115549,14.9711,3,771812,Partai Gerakan Indonesia Raya,172949,KPU 1050 Tahun 2024 Lampiran II,https://jdih.kpu.go.id/data/data_kepkpu/2024kpt1050_L2.pdf
Kepulauan Bangka Belitung,5,Partai NasDem,80472,10.4264,4,771812,Partai Gerakan Indonesia Raya,172949,KPU 1050 Tahun 2024 Lampiran II,https://jdih.kpu.go.id/data/data_kepkpu/2024kpt1050_L2.pdf
Kepulauan Bangka Belitung,17,Partai Persatuan Pembangunan,72724,9.4225,5,771812,Partai Gerakan Indonesia Raya,172949,KPU 1050 Tahun 2024 Lampiran II,https://jdih.kpu.go.id/data/data_kepkpu/2024kpt1050_L2.pdf
Kepulauan Bangka Belitung,1,Partai Kebangkitan Bangsa,36444,4.7219,6,771812,Partai Gerakan Indonesia Raya,172949,KPU 1050 Tahun 2024 Lampiran II,https://jdih.kpu.go.id/data/data_kepkpu/2024kpt1050_L2.pdf
Kepulauan Bangka Belitung,8,Partai Keadilan Sejahtera,33169,4.2975,7,771812,Partai Gerakan Indonesia Raya,172949,KPU 1050 Tahun 2024 Lampiran II,https://jdih.kpu.go.id/data/data_kepkpu/2024kpt1050_L2.pdf
Kepulauan Bangka Belitung,13,Partai Bulan Bintang,22996,2.9795,8,771812,Partai Gerakan Indonesia Raya,172949,KPU 1050 Tahun 2024 Lampiran II,https://jdih.kpu.go.id/data/data_kepkpu/2024kpt1050_L2.pdf
Kepulauan Bangka Belitung,14,Partai Demokrat,16873,2.1862,9,771812,Partai Gerakan Indonesia Raya,172949,KPU 1050 Tahun 2024 Lampiran II,https://jdih.kpu.go.id/data/data_kepkpu/2024kpt1050_L2.pdf
Kepulauan Bangka Belitung,12,Partai Amanat Nasional,12288,1.5921,10,771812,Partai Gerakan Indonesia Raya,172949,KPU 1050 Tahun 2024 Lampiran II,https://jdih.kpu.go.id/data/data_kepkpu/2024kpt1050_L2.pdf
Kepulauan Bangka Belitung,16,Partai PERINDO,8091,1.0483,11,771812,Partai Gerakan Indonesia Raya,172949,KPU 1050 Tahun 2024 Lampiran II,https://jdih.kpu.go.id/data/data_kepkpu/2024kpt1050_L2.pdf
Kepulauan Bangka Belitung,15,Partai Solidaritas Indonesia,7219,0.9353,12,771812,Partai Gerakan Indonesia Raya,172949,KPU 1050 Tahun 2024 Lampiran II,https://jdih.kpu.go.id/data/data_kepkpu/2024kpt1050_L2.pdf
Kepulauan Bangka Belitung,10,Partai Hati Nurani Rakyat,7149,0.9263,13,771812,Partai Gerakan Indonesia Raya,172949,KPU 1050 Tahun 2024 Lampiran II,https://jdih.kpu.go.id/data/data_kepkpu/2024kpt1050_L2.pdf
Kepulauan Bangka Belitung,7,Partai Gelombang Rakyat Indonesia,6870,0.8901,14,771812,Partai Gerakan Indonesia Raya,172949,KPU 1050 Tahun 2024 Lampiran II,https://jdih.kpu.go.id/data/data_kepkpu/2024kpt1050_L2.pdf
Kepulauan Bangka Belitung,6,Partai Buruh,5072,0.6572,15,771812,Partai Gerakan Indonesia Raya,172949,KPU 1050 Tahun 2024 Lampiran II,https://jdih.kpu.go.id/data/data_kepkpu/2024kpt1050_L2.pdf
Kepulauan Bangka Belitung,11,Partai Garda Republik Indonesia,2503,0.3243,16,771812,Partai Gerakan Indonesia Raya,172949,KPU 1050 Tahun 2024 Lampiran II,https://jdih.kpu.go.id/data/data_kepkpu/2024kpt1050_L2.pdf
Kepulauan Bangka Belitung,24,Partai Ummat,2040,0.2643,17,771812,Partai Gerakan Indonesia Raya,172949,KPU 1050 Tahun 2024 Lampiran II,https://jdih.kpu.go.id/data/data_kepkpu/2024kpt1050_L2.pdf
Kepulauan Bangka Belitung,9,Partai Kebangkitan Nusantara,998,0.1293,18,771812,Partai Gerakan Indonesia Raya,172949,KPU 1050 Tahun 2024 Lampiran II,https://jdih.kpu.go.id/data/data_kepkpu/2024kpt1050_L2.pdf
Kepulauan Riau,4,Partai Golongan Karya,166147,15.7635,1,1053995,Partai Golongan Karya,166147,KPU 1050 Tahun 2024 Lampiran II,https://jdih.kpu.go.id/data/data_kepkpu/2024kpt1050_L2.pdf
Kepulauan Riau,2,Partai Gerakan Indonesia Raya,164310,15.5893,2,1053995,Partai Golongan Karya,166147,KPU 1050 Tahun 2024 Lampiran II,https://jdih.kpu.go.id/data/data_kepkpu/2024kpt1050_L2.pdf
Kepulauan Riau,5,Partai NasDem,151776,14.4001,3,1053995,Partai Golongan Karya,166147,KPU 1050 Tahun 2024 Lampiran II,https://jdih.kpu.go.id/data/data_kepkpu/2024kpt1050_L2.pdf
Kepulauan Riau,3,Partai Demokrasi Indonesia Perjuangan,149222,14.1578,4,1053995,Partai Golongan Karya,166147,KPU 1050 Tahun 2024 Lampiran II,https://jdih.kpu.go.id/data/data_kepkpu/2024kpt1050_L2.pdf
Kepulauan Riau,8,Partai Keadilan Sejahtera,108797,10.3223,5,1053995,Partai Golongan Karya,166147,KPU 1050 Tahun 2024 Lampiran II,https://jdih.kpu.go.id/data/data_kepkpu/2024kpt1050_L2.pdf
Kepulauan Riau,1,Partai Kebangkitan Bangsa,88253,8.3732,6,1053995,Partai Golongan Karya,166147,KPU 1050 Tahun 2024 Lampiran II,https://jdih.kpu.go.id/data/data_kepkpu/2024kpt1050_L2.pdf
Kepulauan Riau,12,Partai Amanat Nasional,57472,5.4528,7,1053995,Partai Golongan Karya,166147,KPU 1050 Tahun 2024 Lampiran II,https://jdih.kpu.go.id/data/data_kepkpu/2024kpt1050_L2.pdf
Kepulauan Riau,14,Partai Demokrat,54173,5.1398,8,1053995,Partai Golongan Karya,166147,KPU 1050 Tahun 2024 Lampiran II,https://jdih.kpu.go.id/data/data_kepkpu/2024kpt1050_L2.pdf
Kepulauan Riau,15,Partai Solidaritas Indonesia,45857,4.3508,9,1053995,Partai Golongan Karya,166147,KPU 1050 Tahun 2024 Lampiran II,https://jdih.kpu.go.id/data/data_kepkpu/2024kpt1050_L2.pdf
Kepulauan Riau,16,Partai PERINDO,14004,1.3287,10,1053995,Partai Golongan Karya,166147,KPU 1050 Tahun 2024 Lampiran II,https://jdih.kpu.go.id/data/data_kepkpu/2024kpt1050_L2.pdf
Kepulauan Riau,10,Partai Hati Nurani Rakyat,10629,1.0084,11,1053995,Partai Golongan Karya,166147,KPU 1050 Tahun 2024 Lampiran II,https://jdih.kpu.go.id/data/data_kepkpu/2024kpt1050_L2.pdf
Kepulauan Riau,6,Partai Buruh,10084,0.9567,12,1053995,Partai Golongan Karya,166147,KPU 1050 Tahun 2024 Lampiran II,https://jdih.kpu.go.id/data/data_kepkpu/2024kpt1050_L2.pdf
Kepulauan Riau,17,Partai Persatuan Pembangunan,9927,0.9418,13,1053995,Partai Golongan Karya,166147,KPU 1050 Tahun 2024 Lampiran II,https://jdih.kpu.go.id/data/data_kepkpu/2024kpt1050_L2.pdf
Kepulauan Riau,7,Partai Gelombang Rakyat Indonesia,9870,0.9364,14,1053995,Partai Golongan Karya,166147,KPU 1050 Tahun 2024 Lampiran II,https://jdih.kpu.go.id/data/data_kepkpu/2024kpt1050_L2.pdf
Kepulauan Riau,24,Partai Ummat,5193,0.4927,15,1053995,Partai Golongan Karya,166147,KPU 1050 Tahun 2024 Lampiran II,https://jdih.kpu.go.id/data/data_kepkpu/2024kpt1050_L2.pdf
Kepulauan Riau,11,Partai Garda Republik Indonesia,3206,0.3042,16,1053995,Partai Golongan Karya,166147,KPU 1050 Tahun 2024 Lampiran II,https://jdih.kpu.go.id/data/data_kepkpu/2024kpt1050_L2.pdf
Kepulauan Riau,13,Partai Bulan Bintang,3155,0.2993,17,1053995,Partai Golongan Karya,166147,KPU 1050 Tahun 2024 Lampiran II,https://jdih.kpu.go.id/data/data_kepkpu/2024kpt1050_L2.pdf
Kepulauan Riau,9,Partai Kebangkitan Nusantara,1920,0.1822,18,1053995,Partai Golongan Karya,166147,KPU 1050 Tahun 2024 Lampiran II,https://jdih.kpu.go.id/data/data_kepkpu/2024kpt1050_L2.pdf
DKI Jakarta,8,Partai Keadilan Sejahtera,1195699,17.9991,1,6643110,Partai Keadilan Sejahtera,1195699,KPU 1050 Tahun 2024 Lampiran II,https://jdih.kpu.go.id/data/data_kepkpu/2024kpt1050_L2.pdf
DKI Jakarta,3,Partai Demokrasi Indonesia Perjuangan,1044203,15.7186,2,6643110,Partai Keadilan Sejahtera,1195699,KPU 1050 Tahun 2024 Lampiran II,https://jdih.kpu.go.id/data/data_kepkpu/2024kpt1050_L2.pdf
DKI Jakarta,2,Partai Gerakan Indonesia Raya,753569,11.3436,3,6643110,Partai Keadilan Sejahtera,1195699,KPU 1050 Tahun 2024 Lampiran II,https://jdih.kpu.go.id/data/data_kepkpu/2024kpt1050_L2.pdf
DKI Jakarta,4,Partai Golongan Karya,684464,10.3034,4,6643110,Partai Keadilan Sejahtera,1195699,KPU 1050 Tahun 2024 Lampiran II,https://jdih.kpu.go.id/data/data_kepkpu/2024kpt1050_L2.pdf
DKI Jakarta,15,Partai Solidaritas Indonesia,611570,9.2061,5,6643110,Partai Keadilan Sejahtera,1195699,KPU 1050 Tahun 2024 Lampiran II,https://jdih.kpu.go.id/data/data_kepkpu/2024kpt1050_L2.pdf
DKI Jakarta,12,Partai Amanat Nasional,496407,7.4725,6,6643110,Partai Keadilan Sejahtera,1195699,KPU 1050 Tahun 2024 Lampiran II,https://jdih.kpu.go.id/data/data_kepkpu/2024kpt1050_L2.pdf
DKI Jakarta,5,Partai NasDem,475924,7.1642,7,6643110,Partai Keadilan Sejahtera,1195699,KPU 1050 Tahun 2024 Lampiran II,https://jdih.kpu.go.id/data/data_kepkpu/2024kpt1050_L2.pdf
DKI Jakarta,1,Partai Kebangkitan Bangsa,440873,6.6365,8,6643110,Partai Keadilan Sejahtera,1195699,KPU 1050 Tahun 2024 Lampiran II,https://jdih.kpu.go.id/data/data_kepkpu/2024kpt1050_L2.pdf
DKI Jakarta,14,Partai Demokrat,381130,5.7372,9,6643110,Partai Keadilan Sejahtera,1195699,KPU 1050 Tahun 2024 Lampiran II,https://jdih.kpu.go.id/data/data_kepkpu/2024kpt1050_L2.pdf
DKI Jakarta,17,Partai Persatuan Pembangunan,186289,2.8042,10,6643110,Partai Keadilan Sejahtera,1195699,KPU 1050 Tahun 2024 Lampiran II,https://jdih.kpu.go.id/data/data_kepkpu/2024kpt1050_L2.pdf
DKI Jakarta,16,Partai PERINDO,145003,2.1828,11,6643110,Partai Keadilan Sejahtera,1195699,KPU 1050 Tahun 2024 Lampiran II,https://jdih.kpu.go.id/data/data_kepkpu/2024kpt1050_L2.pdf
DKI Jakarta,6,Partai Buruh,72292,1.0882,12,6643110,Partai Keadilan Sejahtera,1195699,KPU 1050 Tahun 2024 Lampiran II,https://jdih.kpu.go.id/data/data_kepkpu/2024kpt1050_L2.pdf
DKI Jakarta,7,Partai Gelombang Rakyat Indonesia,47569,0.7161,13,6643110,Partai Keadilan Sejahtera,1195699,KPU 1050 Tahun 2024 Lampiran II,https://jdih.kpu.go.id/data/data_kepkpu/2024kpt1050_L2.pdf
DKI Jakarta,24,Partai Ummat,45244,0.6811,14,6643110,Partai Keadilan Sejahtera,1195699,KPU 1050 Tahun 2024 Lampiran II,https://jdih.kpu.go.id/data/data_kepkpu/2024kpt1050_L2.pdf
DKI Jakarta,10,Partai Hati Nurani Rakyat,23277,0.3504,15,6643110,Partai Keadilan Sejahtera,1195699,KPU 1050 Tahun 2024 Lampiran II,https://jdih.kpu.go.id/data/data_kepkpu/2024kpt1050_L2.pdf
DKI Jakarta,13,Partai Bulan Bintang,14735,0.2218,16,6643110,Partai Keadilan Sejahtera,1195699,KPU 1050 Tahun 2024 Lampiran II,https://jdih.kpu.go.id/data/data_kepkpu/2024kpt1050_L2.pdf
DKI Jakarta,11,Partai Garda Republik Indonesia,13284,0.2,17,6643110,Partai Keadilan Sejahtera,1195699,KPU 1050 Tahun 2024 Lampiran II,https://jdih.kpu.go.id/data/data_kepkpu/2024kpt1050_L2.pdf
DKI Jakarta,9,Partai Kebangkitan Nusantara,11578,0.1743,18,6643110,Partai Keadilan Sejahtera,1195699,KPU 1050 Tahun 2024 Lampiran II,https://jdih.kpu.go.id/data/data_kepkpu/2024kpt1050_L2.pdf
Jawa Barat,4,Partai Golongan Karya,4292082,16.325,1,26291451,Partai Golongan Karya,4292082,KPU 1050 Tahun 2024 Lampiran II,https://jdih.kpu.go.id/data/data_kepkpu/2024kpt1050_L2.pdf
Jawa Barat,2,Partai Gerakan Indonesia Raya,4197376,15.9648,2,26291451,Partai Golongan Karya,4292082,KPU 1050 Tahun 2024 Lampiran II,https://jdih.kpu.go.id/data/data_kepkpu/2024kpt1050_L2.pdf
Jawa Barat,8,Partai Keadilan Sejahtera,3505195,13.3321,3,26291451,Partai Golongan Karya,4292082,KPU 1050 Tahun 2024 Lampiran II,https://jdih.kpu.go.id/data/data_kepkpu/2024kpt1050_L2.pdf
Jawa Barat,3,Partai Demokrasi Indonesia Perjuangan,2983432,11.3475,4,26291451,Partai Golongan Karya,4292082,KPU 1050 Tahun 2024 Lampiran II,https://jdih.kpu.go.id/data/data_kepkpu/2024kpt1050_L2.pdf
Jawa Barat,1,Partai Kebangkitan Bangsa,2876990,10.9427,5,26291451,Partai Golongan Karya,4292082,KPU 1050 Tahun 2024 Lampiran II,https://jdih.kpu.go.id/data/data_kepkpu/2024kpt1050_L2.pdf
Jawa Barat,12,Partai Amanat Nasional,1885165,7.1703,6,26291451,Partai Golongan Karya,4292082,KPU 1050 Tahun 2024 Lampiran II,https://jdih.kpu.go.id/data/data_kepkpu/2024kpt1050_L2.pdf
Jawa Barat,14,Partai Demokrat,1779410,6.768,7,26291451,Partai Golongan Karya,4292082,KPU 1050 Tahun 2024 Lampiran II,https://jdih.kpu.go.id/data/data_kepkpu/2024kpt1050_L2.pdf
Jawa Barat,5,Partai NasDem,1689044,6.4243,8,26291451,Partai Golongan Karya,4292082,KPU 1050 Tahun 2024 Lampiran II,https://jdih.kpu.go.id/data/data_kepkpu/2024kpt1050_L2.pdf
Jawa Barat,17,Partai Persatuan Pembangunan,1197820,4.5559,9,26291451,Partai Golongan Karya,4292082,KPU 1050 Tahun 2024 Lampiran II,https://jdih.kpu.go.id/data/data_kepkpu/2024kpt1050_L2.pdf
Jawa Barat,15,Partai Solidaritas Indonesia,744452,2.8315,10,26291451,Partai Golongan Karya,4292082,KPU 1050 Tahun 2024 Lampiran II,https://jdih.kpu.go.id/data/data_kepkpu/2024kpt1050_L2.pdf
Jawa Barat,6,Partai Buruh,273661,1.0409,11,26291451,Partai Golongan Karya,4292082,KPU 1050 Tahun 2024 Lampiran II,https://jdih.kpu.go.id/data/data_kepkpu/2024kpt1050_L2.pdf
Jawa Barat,16,Partai PERINDO,239510,0.911,12,26291451,Partai Golongan Karya,4292082,KPU 1050 Tahun 2024 Lampiran II,https://jdih.kpu.go.id/data/data_kepkpu/2024kpt1050_L2.pdf
Jawa Barat,7,Partai Gelombang Rakyat Indonesia,220788,0.8398,13,26291451,Partai Golongan Karya,4292082,KPU 1050 Tahun 2024 Lampiran II,https://jdih.kpu.go.id/data/data_kepkpu/2024kpt1050_L2.pdf
Jawa Barat,24,Partai Ummat,108348,0.4121,14,26291451,Partai Golongan Karya,4292082,KPU 1050 Tahun 2024 Lampiran II,https://jdih.kpu.go.id/data/data_kepkpu/2024kpt1050_L2.pdf
Jawa Barat,10,Partai Hati Nurani Rakyat,107768,0.4099,15,26291451,Partai Golongan Karya,4292082,KPU 1050 Tahun 2024 Lampiran II,https://jdih.kpu.go.id/data/data_kepkpu/2024kpt1050_L2.pdf
Jawa Barat,13,Partai Bulan Bintang,89013,0.3386,16,26291451,Partai Golongan Karya,4292082,KPU 1050 Tahun 2024 Lampiran II,https://jdih.kpu.go.id/data/data_kepkpu/2024kpt1050_L2.pdf
Jawa Barat,11,Partai Garda Republik Indonesia,60915,0.2317,17,26291451,Partai Golongan Karya,4292082,KPU 1050 Tahun 2024 Lampiran II,https://jdih.kpu.go.id/data/data_kepkpu/2024kpt1050_L2.pdf
Jawa Barat,9,Partai Kebangkitan Nusantara,40482,0.154,18,26291451,Partai Golongan Karya,4292082,KPU 1050 Tahun 2024 Lampiran II,https://jdih.kpu.go.id/data/data_kepkpu/2024kpt1050_L2.pdf
Jawa Tengah,3,Partai Demokrasi Indonesia Perjuangan,5846493,27.9136,1,20944956,Partai Demokrasi Indonesia Perjuangan,5846493,KPU 1050 Tahun 2024 Lampiran II,https://jdih.kpu.go.id/data/data_kepkpu/2024kpt1050_L2.pdf
Jawa Tengah,1,Partai Kebangkitan Bangsa,2672345,12.7589,2,20944956,Partai Demokrasi Indonesia Perjuangan,5846493,KPU 1050 Tahun 2024 Lampiran II,https://jdih.kpu.go.id/data/data_kepkpu/2024kpt1050_L2.pdf
Jawa Tengah,4,Partai Golongan Karya,2648583,12.6454,3,20944956,Partai Demokrasi Indonesia Perjuangan,5846493,KPU 1050 Tahun 2024 Lampiran II,https://jdih.kpu.go.id/data/data_kepkpu/2024kpt1050_L2.pdf
Jawa Tengah,2,Partai Gerakan Indonesia Raya,2279011,10.881,4,20944956,Partai Demokrasi Indonesia Perjuangan,5846493,KPU 1050 Tahun 2024 Lampiran II,https://jdih.kpu.go.id/data/data_kepkpu/2024kpt1050_L2.pdf
Jawa Tengah,8,Partai Keadilan Sejahtera,1492537,7.126,5,20944956,Partai Demokrasi Indonesia Perjuangan,5846493,KPU 1050 Tahun 2024 Lampiran II,https://jdih.kpu.go.id/data/data_kepkpu/2024kpt1050_L2.pdf
Jawa Tengah,14,Partai Demokrat,1372784,6.5542,6,20944956,Partai Demokrasi Indonesia Perjuangan,5846493,KPU 1050 Tahun 2024 Lampiran II,https://jdih.kpu.go.id/data/data_kepkpu/2024kpt1050_L2.pdf
Jawa Tengah,5,Partai NasDem,1321849,6.3111,7,20944956,Partai Demokrasi Indonesia Perjuangan,5846493,KPU 1050 Tahun 2024 Lampiran II,https://jdih.kpu.go.id/data/data_kepkpu/2024kpt1050_L2.pdf
Jawa Tengah,12,Partai Amanat Nasional,1137194,5.4294,8,20944956,Partai Demokrasi Indonesia Perjuangan,5846493,KPU 1050 Tahun 2024 Lampiran II,https://jdih.kpu.go.id/data/data_kepkpu/2024kpt1050_L2.pdf
Jawa Tengah,17,Partai Persatuan Pembangunan,874749,4.1764,9,20944956,Partai Demokrasi Indonesia Perjuangan,5846493,KPU 1050 Tahun 2024 Lampiran II,https://jdih.kpu.go.id/data/data_kepkpu/2024kpt1050_L2.pdf
Jawa Tengah,15,Partai Solidaritas Indonesia,580751,2.7727,10,20944956,Partai Demokrasi Indonesia Perjuangan,5846493,KPU 1050 Tahun 2024 Lampiran II,https://jdih.kpu.go.id/data/data_kepkpu/2024kpt1050_L2.pdf
Jawa Tengah,16,Partai PERINDO,162035,0.7736,11,20944956,Partai Demokrasi Indonesia Perjuangan,5846493,KPU 1050 Tahun 2024 Lampiran II,https://jdih.kpu.go.id/data/data_kepkpu/2024kpt1050_L2.pdf
Jawa Tengah,7,Partai Gelombang Rakyat Indonesia,148895,0.7109,12,20944956,Partai Demokrasi Indonesia Perjuangan,5846493,KPU 1050 Tahun 2024 Lampiran II,https://jdih.kpu.go.id/data/data_kepkpu/2024kpt1050_L2.pdf
Jawa Tengah,10,Partai Hati Nurani Rakyat,146358,0.6988,13,20944956,Partai Demokrasi Indonesia Perjuangan,5846493,KPU 1050 Tahun 2024 Lampiran II,https://jdih.kpu.go.id/data/data_kepkpu/2024kpt1050_L2.pdf
Jawa Tengah,6,Partai Buruh,86023,0.4107,14,20944956,Partai Demokrasi Indonesia Perjuangan,5846493,KPU 1050 Tahun 2024 Lampiran II,https://jdih.kpu.go.id/data/data_kepkpu/2024kpt1050_L2.pdf
Jawa Tengah,24,Partai Ummat,85528,0.4083,15,20944956,Partai Demokrasi Indonesia Perjuangan,5846493,KPU 1050 Tahun 2024 Lampiran II,https://jdih.kpu.go.id/data/data_kepkpu/2024kpt1050_L2.pdf
Jawa Tengah,11,Partai Garda Republik Indonesia,41317,0.1973,16,20944956,Partai Demokrasi Indonesia Perjuangan,5846493,KPU 1050 Tahun 2024 Lampiran II,https://jdih.kpu.go.id/data/data_kepkpu/2024kpt1050_L2.pdf
Jawa Tengah,13,Partai Bulan Bintang,25133,0.12,17,20944956,Partai Demokrasi Indonesia Perjuangan,5846493,KPU 1050 Tahun 2024 Lampiran II,https://jdih.kpu.go.id/data/data_kepkpu/2024kpt1050_L2.pdf
Jawa Tengah,9,Partai Kebangkitan Nusantara,23371,0.1116,18,20944956,Partai Demokrasi Indonesia Perjuangan,5846493,KPU 1050 Tahun 2024 Lampiran II,https://jdih.kpu.go.id/data/data_kepkpu/2024kpt1050_L2.pdf
DI Yogyakarta,3,Partai Demokrasi Indonesia Perjuangan,593969,25.8835,1,2294779,Partai Demokrasi Indonesia Perjuangan,593969,KPU 1050 Tahun 2024 Lampiran II,https://jdih.kpu.go.id/data/data_kepkpu/2024kpt1050_L2.pdf
DI Yogyakarta,4,Partai Golongan Karya,302845,13.1971,2,2294779,Partai Demokrasi Indonesia Perjuangan,593969,KPU 1050 Tahun 2024 Lampiran II,https://jdih.kpu.go.id/data/data_kepkpu/2024kpt1050_L2.pdf
DI Yogyakarta,2,Partai Gerakan Indonesia Raya,272165,11.8602,3,2294779,Partai Demokrasi Indonesia Perjuangan,593969,KPU 1050 Tahun 2024 Lampiran II,https://jdih.kpu.go.id/data/data_kepkpu/2024kpt1050_L2.pdf
DI Yogyakarta,8,Partai Keadilan Sejahtera,272061,11.8557,4,2294779,Partai Demokrasi Indonesia Perjuangan,593969,KPU 1050 Tahun 2024 Lampiran II,https://jdih.kpu.go.id/data/data_kepkpu/2024kpt1050_L2.pdf
DI Yogyakarta,1,Partai Kebangkitan Bangsa,245627,10.7037,5,2294779,Partai Demokrasi Indonesia Perjuangan,593969,KPU 1050 Tahun 2024 Lampiran II,https://jdih.kpu.go.id/data/data_kepkpu/2024kpt1050_L2.pdf
DI Yogyakarta,12,Partai Amanat Nasional,198662,8.6571,6,2294779,Partai Demokrasi Indonesia Perjuangan,593969,KPU 1050 Tahun 2024 Lampiran II,https://jdih.kpu.go.id/data/data_kepkpu/2024kpt1050_L2.pdf
DI Yogyakarta,5,Partai NasDem,130830,5.7012,7,2294779,Partai Demokrasi Indonesia Perjuangan,593969,KPU 1050 Tahun 2024 Lampiran II,https://jdih.kpu.go.id/data/data_kepkpu/2024kpt1050_L2.pdf
DI Yogyakarta,15,Partai Solidaritas Indonesia,71998,3.1375,8,2294779,Partai Demokrasi Indonesia Perjuangan,593969,KPU 1050 Tahun 2024 Lampiran II,https://jdih.kpu.go.id/data/data_kepkpu/2024kpt1050_L2.pdf
DI Yogyakarta,24,Partai Ummat,55510,2.419,9,2294779,Partai Demokrasi Indonesia Perjuangan,593969,KPU 1050 Tahun 2024 Lampiran II,https://jdih.kpu.go.id/data/data_kepkpu/2024kpt1050_L2.pdf
DI Yogyakarta,14,Partai Demokrat,49203,2.1441,10,2294779,Partai Demokrasi Indonesia Perjuangan,593969,KPU 1050 Tahun 2024 Lampiran II,https://jdih.kpu.go.id/data/data_kepkpu/2024kpt1050_L2.pdf
DI Yogyakarta,17,Partai Persatuan Pembangunan,47873,2.0862,11,2294779,Partai Demokrasi Indonesia Perjuangan,593969,KPU 1050 Tahun 2024 Lampiran II,https://jdih.kpu.go.id/data/data_kepkpu/2024kpt1050_L2.pdf
DI Yogyakarta,6,Partai Buruh,15343,0.6686,12,2294779,Partai Demokrasi Indonesia Perjuangan,593969,KPU 1050 Tahun 2024 Lampiran II,https://jdih.kpu.go.id/data/data_kepkpu/2024kpt1050_L2.pdf
DI Yogyakarta,7,Partai Gelombang Rakyat Indonesia,12732,0.5548,13,2294779,Partai Demokrasi Indonesia Perjuangan,593969,KPU 1050 Tahun 2024 Lampiran II,https://jdih.kpu.go.id/data/data_kepkpu/2024kpt1050_L2.pdf
DI Yogyakarta,16,Partai PERINDO,10234,0.446,14,2294779,Partai Demokrasi Indonesia Perjuangan,593969,KPU 1050 Tahun 2024 Lampiran II,https://jdih.kpu.go.id/data/data_kepkpu/2024kpt1050_L2.pdf
DI Yogyakarta,11,Partai Garda Republik Indonesia,4792,0.2088,15,2294779,Partai Demokrasi Indonesia Perjuangan,593969,KPU 1050 Tahun 2024 Lampiran II,https://jdih.kpu.go.id/data/data_kepkpu/2024kpt1050_L2.pdf
DI Yogyakarta,10,Partai Hati Nurani Rakyat,4047,0.1764,16,2294779,Partai Demokrasi Indonesia Perjuangan,593969,KPU 1050 Tahun 2024 Lampiran II,https://jdih.kpu.go.id/data/data_kepkpu/2024kpt1050_L2.pdf
DI Yogyakarta,9,Partai Kebangkitan Nusantara,3638,0.1585,17,2294779,Partai Demokrasi Indonesia Perjuangan,593969,KPU 1050 Tahun 2024 Lampiran II,https://jdih.kpu.go.id/data/data_kepkpu/2024kpt1050_L2.pdf
DI Yogyakarta,13,Partai Bulan Bintang,3250,0.1416,18,2294779,Partai Demokrasi Indonesia Perjuangan,593969,KPU 1050 Tahun 2024 Lampiran II,https://jdih.kpu.go.id/data/data_kepkpu/2024kpt1050_L2.pdf
Jawa Timur,1,Partai Kebangkitan Bangsa,4155974,17.6521,1,23543816,Partai Kebangkitan Bangsa,4155974,KPU 1050 Tahun 2024 Lampiran II,https://jdih.kpu.go.id/data/data_kepkpu/2024kpt1050_L2.pdf
Jawa Timur,3,Partai Demokrasi Indonesia Perjuangan,4061311,17.25,2,23543816,Partai Kebangkitan Bangsa,4155974,KPU 1050 Tahun 2024 Lampiran II,https://jdih.kpu.go.id/data/data_kepkpu/2024kpt1050_L2.pdf
Jawa Timur,2,Partai Gerakan Indonesia Raya,3257120,13.8343,3,23543816,Partai Kebangkitan Bangsa,4155974,KPU 1050 Tahun 2024 Lampiran II,https://jdih.kpu.go.id/data/data_kepkpu/2024kpt1050_L2.pdf
Jawa Timur,4,Partai Golongan Karya,3232091,13.728,4,23543816,Partai Kebangkitan Bangsa,4155974,KPU 1050 Tahun 2024 Lampiran II,https://jdih.kpu.go.id/data/data_kepkpu/2024kpt1050_L2.pdf
Jawa Timur,5,Partai NasDem,1885622,8.009,5,23543816,Partai Kebangkitan Bangsa,4155974,KPU 1050 Tahun 2024 Lampiran II,https://jdih.kpu.go.id/data/data_kepkpu/2024kpt1050_L2.pdf
Jawa Timur,14,Partai Demokrat,1621938,6.889,6,23543816,Partai Kebangkitan Bangsa,4155974,KPU 1050 Tahun 2024 Lampiran II,https://jdih.kpu.go.id/data/data_kepkpu/2024kpt1050_L2.pdf
Jawa Timur,12,Partai Amanat Nasional,1485591,6.3099,7,23543816,Partai Kebangkitan Bangsa,4155974,KPU 1050 Tahun 2024 Lampiran II,https://jdih.kpu.go.id/data/data_kepkpu/2024kpt1050_L2.pdf
Jawa Timur,17,Partai Persatuan Pembangunan,1203974,5.1138,8,23543816,Partai Kebangkitan Bangsa,4155974,KPU 1050 Tahun 2024 Lampiran II,https://jdih.kpu.go.id/data/data_kepkpu/2024kpt1050_L2.pdf
Jawa Timur,8,Partai Keadilan Sejahtera,1129864,4.799,9,23543816,Partai Kebangkitan Bangsa,4155974,KPU 1050 Tahun 2024 Lampiran II,https://jdih.kpu.go.id/data/data_kepkpu/2024kpt1050_L2.pdf
Jawa Timur,15,Partai Solidaritas Indonesia,712594,3.0267,10,23543816,Partai Kebangkitan Bangsa,4155974,KPU 1050 Tahun 2024 Lampiran II,https://jdih.kpu.go.id/data/data_kepkpu/2024kpt1050_L2.pdf
Jawa Timur,16,Partai PERINDO,267736,1.1372,11,23543816,Partai Kebangkitan Bangsa,4155974,KPU 1050 Tahun 2024 Lampiran II,https://jdih.kpu.go.id/data/data_kepkpu/2024kpt1050_L2.pdf
Jawa Timur,7,Partai Gelombang Rakyat Indonesia,141856,0.6025,12,23543816,Partai Kebangkitan Bangsa,4155974,KPU 1050 Tahun 2024 Lampiran II,https://jdih.kpu.go.id/data/data_kepkpu/2024kpt1050_L2.pdf
Jawa Timur,6,Partai Buruh,109212,0.4639,13,23543816,Partai Kebangkitan Bangsa,4155974,KPU 1050 Tahun 2024 Lampiran II,https://jdih.kpu.go.id/data/data_kepkpu/2024kpt1050_L2.pdf
Jawa Timur,10,Partai Hati Nurani Rakyat,88531,0.376,14,23543816,Partai Kebangkitan Bangsa,4155974,KPU 1050 Tahun 2024 Lampiran II,https://jdih.kpu.go.id/data/data_kepkpu/2024kpt1050_L2.pdf
Jawa Timur,24,Partai Ummat,75565,0.321,15,23543816,Partai Kebangkitan Bangsa,4155974,KPU 1050 Tahun 2024 Lampiran II,https://jdih.kpu.go.id/data/data_kepkpu/2024kpt1050_L2.pdf
Jawa Timur,11,Partai Garda Republik Indonesia,47063,0.1999,16,23543816,Partai Kebangkitan Bangsa,4155974,KPU 1050 Tahun 2024 Lampiran II,https://jdih.kpu.go.id/data/data_kepkpu/2024kpt1050_L2.pdf
Jawa Timur,13,Partai Bulan Bintang,38916,0.1653,17,23543816,Partai Kebangkitan Bangsa,4155974,KPU 1050 Tahun 2024 Lampiran II,https://jdih.kpu.go.id/data/data_kepkpu/2024kpt1050_L2.pdf
Jawa Timur,9,Partai Kebangkitan Nusantara,28858,0.1226,18,23543816,Partai Kebangkitan Bangsa,4155974,KPU 1050 Tahun 2024 Lampiran II,https://jdih.kpu.go.id/data/data_kepkpu/2024kpt1050_L2.pdf
Banten,4,Partai Golongan Karya,931287,14.3634,1,6483737,Partai Golongan Karya,931287,KPU 1050 Tahun 2024 Lampiran II,https://jdih.kpu.go.id/data/data_kepkpu/2024kpt1050_L2.pdf
Banten,3,Partai Demokrasi Indonesia Perjuangan,818889,12.6299,2,6483737,Partai Golongan Karya,931287,KPU 1050 Tahun 2024 Lampiran II,https://jdih.kpu.go.id/data/data_kepkpu/2024kpt1050_L2.pdf
Banten,2,Partai Gerakan Indonesia Raya,706910,10.9028,3,6483737,Partai Golongan Karya,931287,KPU 1050 Tahun 2024 Lampiran II,https://jdih.kpu.go.id/data/data_kepkpu/2024kpt1050_L2.pdf
Banten,1,Partai Kebangkitan Bangsa,691680,10.6679,4,6483737,Partai Golongan Karya,931287,KPU 1050 Tahun 2024 Lampiran II,https://jdih.kpu.go.id/data/data_kepkpu/2024kpt1050_L2.pdf
Banten,8,Partai Keadilan Sejahtera,686633,10.5901,5,6483737,Partai Golongan Karya,931287,KPU 1050 Tahun 2024 Lampiran II,https://jdih.kpu.go.id/data/data_kepkpu/2024kpt1050_L2.pdf
Banten,14,Partai Demokrat,627669,9.6807,6,6483737,Partai Golongan Karya,931287,KPU 1050 Tahun 2024 Lampiran II,https://jdih.kpu.go.id/data/data_kepkpu/2024kpt1050_L2.pdf
Banten,12,Partai Amanat Nasional,581136,8.963,7,6483737,Partai Golongan Karya,931287,KPU 1050 Tahun 2024 Lampiran II,https://jdih.kpu.go.id/data/data_kepkpu/2024kpt1050_L2.pdf
Banten,5,Partai NasDem,570544,8.7996,8,6483737,Partai Golongan Karya,931287,KPU 1050 Tahun 2024 Lampiran II,https://jdih.kpu.go.id/data/data_kepkpu/2024kpt1050_L2.pdf
Banten,17,Partai Persatuan Pembangunan,290034,4.4733,9,6483737,Partai Golongan Karya,931287,KPU 1050 Tahun 2024 Lampiran II,https://jdih.kpu.go.id/data/data_kepkpu/2024kpt1050_L2.pdf
Banten,15,Partai Solidaritas Indonesia,246571,3.8029,10,6483737,Partai Golongan Karya,931287,KPU 1050 Tahun 2024 Lampiran II,https://jdih.kpu.go.id/data/data_kepkpu/2024kpt1050_L2.pdf
Banten,16,Partai PERINDO,100537,1.5506,11,6483737,Partai Golongan Karya,931287,KPU 1050 Tahun 2024 Lampiran II,https://jdih.kpu.go.id/data/data_kepkpu/2024kpt1050_L2.pdf
Banten,6,Partai Buruh,63610,0.9811,12,6483737,Partai Golongan Karya,931287,KPU 1050 Tahun 2024 Lampiran II,https://jdih.kpu.go.id/data/data_kepkpu/2024kpt1050_L2.pdf
Banten,7,Partai Gelombang Rakyat Indonesia,60014,0.9256,13,6483737,Partai Golongan Karya,931287,KPU 1050 Tahun 2024 Lampiran II,https://jdih.kpu.go.id/data/data_kepkpu/2024kpt1050_L2.pdf
Banten,13,Partai Bulan Bintang,30018,0.463,14,6483737,Partai Golongan Karya,931287,KPU 1050 Tahun 2024 Lampiran II,https://jdih.kpu.go.id/data/data_kepkpu/2024kpt1050_L2.pdf
Banten,24,Partai Ummat,27665,0.4267,15,6483737,Partai Golongan Karya,931287,KPU 1050 Tahun 2024 Lampiran II,https://jdih.kpu.go.id/data/data_kepkpu/2024kpt1050_L2.pdf
Banten,10,Partai Hati Nurani Rakyat,21992,0.3392,16,6483737,Partai Golongan Karya,931287,KPU 1050 Tahun 2024 Lampiran II,https://jdih.kpu.go.id/data/data_kepkpu/2024kpt1050_L2.pdf
Banten,11,Partai Garda Republik Indonesia,18939,0.2921,17,6483737,Partai Golongan Karya,931287,KPU 1050 Tahun 2024 Lampiran II,https://jdih.kpu.go.id/data/data_kepkpu/2024kpt1050_L2.pdf
Banten,9,Partai Kebangkitan Nusantara,9609,0.1482,18,6483737,Partai Golongan Karya,931287,KPU 1050 Tahun 2024 Lampiran II,https://jdih.kpu.go.id/data/data_kepkpu/2024kpt1050_L2.pdf
Bali,3,Partai Demokrasi Indonesia Perjuangan,1290884,52.4603,1,2460686,Partai Demokrasi Indonesia Perjuangan,1290884,KPU 1050 Tahun 2024 Lampiran II,https://jdih.kpu.go.id/data/data_kepkpu/2024kpt1050_L2.pdf
Bali,4,Partai Golongan Karya,333521,13.554,2,2460686,Partai Demokrasi Indonesia Perjuangan,1290884,KPU 1050 Tahun 2024 Lampiran II,https://jdih.kpu.go.id/data/data_kepkpu/2024kpt1050_L2.pdf
Bali,2,Partai Gerakan Indonesia Raya,295313,12.0012,3,2460686,Partai Demokrasi Indonesia Perjuangan,1290884,KPU 1050 Tahun 2024 Lampiran II,https://jdih.kpu.go.id/data/data_kepkpu/2024kpt1050_L2.pdf
Bali,14,Partai Demokrat,174476,7.0905,4,2460686,Partai Demokrasi Indonesia Perjuangan,1290884,KPU 1050 Tahun 2024 Lampiran II,https://jdih.kpu.go.id/data/data_kepkpu/2024kpt1050_L2.pdf
Bali,5,Partai NasDem,147678,6.0015,5,2460686,Partai Demokrasi Indonesia Perjuangan,1290884,KPU 1050 Tahun 2024 Lampiran II,https://jdih.kpu.go.id/data/data_kepkpu/2024kpt1050_L2.pdf
Bali,15,Partai Solidaritas Indonesia,60722,2.4677,6,2460686,Partai Demokrasi Indonesia Perjuangan,1290884,KPU 1050 Tahun 2024 Lampiran II,https://jdih.kpu.go.id/data/data_kepkpu/2024kpt1050_L2.pdf
Bali,1,Partai Kebangkitan Bangsa,41628,1.6917,7,2460686,Partai Demokrasi Indonesia Perjuangan,1290884,KPU 1050 Tahun 2024 Lampiran II,https://jdih.kpu.go.id/data/data_kepkpu/2024kpt1050_L2.pdf
Bali,7,Partai Gelombang Rakyat Indonesia,23731,0.9644,8,2460686,Partai Demokrasi Indonesia Perjuangan,1290884,KPU 1050 Tahun 2024 Lampiran II,https://jdih.kpu.go.id/data/data_kepkpu/2024kpt1050_L2.pdf
Bali,9,Partai Kebangkitan Nusantara,23681,0.9624,9,2460686,Partai Demokrasi Indonesia Perjuangan,1290884,KPU 1050 Tahun 2024 Lampiran II,https://jdih.kpu.go.id/data/data_kepkpu/2024kpt1050_L2.pdf
Bali,8,Partai Keadilan Sejahtera,19145,0.778,10,2460686,Partai Demokrasi Indonesia Perjuangan,1290884,KPU 1050 Tahun 2024 Lampiran II,https://jdih.kpu.go.id/data/data_kepkpu/2024kpt1050_L2.pdf
Bali,16,Partai PERINDO,10531,0.428,11,2460686,Partai Demokrasi Indonesia Perjuangan,1290884,KPU 1050 Tahun 2024 Lampiran II,https://jdih.kpu.go.id/data/data_kepkpu/2024kpt1050_L2.pdf
Bali,10,Partai Hati Nurani Rakyat,9851,0.4003,12,2460686,Partai Demokrasi Indonesia Perjuangan,1290884,KPU 1050 Tahun 2024 Lampiran II,https://jdih.kpu.go.id/data/data_kepkpu/2024kpt1050_L2.pdf
Bali,6,Partai Buruh,9045,0.3676,13,2460686,Partai Demokrasi Indonesia Perjuangan,1290884,KPU 1050 Tahun 2024 Lampiran II,https://jdih.kpu.go.id/data/data_kepkpu/2024kpt1050_L2.pdf
Bali,12,Partai Amanat Nasional,6683,0.2716,14,2460686,Partai Demokrasi Indonesia Perjuangan,1290884,KPU 1050 Tahun 2024 Lampiran II,https://jdih.kpu.go.id/data/data_kepkpu/2024kpt1050_L2.pdf
Bali,17,Partai Persatuan Pembangunan,5232,0.2126,15,2460686,Partai Demokrasi Indonesia Perjuangan,1290884,KPU 1050 Tahun 2024 Lampiran II,https://jdih.kpu.go.id/data/data_kepkpu/2024kpt1050_L2.pdf
Bali,11,Partai Garda Republik Indonesia,4600,0.1869,16,2460686,Partai Demokrasi Indonesia Perjuangan,1290884,KPU 1050 Tahun 2024 Lampiran II,https://jdih.kpu.go.id/data/data_kepkpu/2024kpt1050_L2.pdf
Bali,24,Partai Ummat,2160,0.0878,17,2460686,Partai Demokrasi Indonesia Perjuangan,1290884,KPU 1050 Tahun 2024 Lampiran II,https://jdih.kpu.go.id/data/data_kepkpu/2024kpt1050_L2.pdf
Bali,13,Partai Bulan Bintang,1805,0.0734,18,2460686,Partai Demokrasi Indonesia Perjuangan,1290884,KPU 1050 Tahun 2024 Lampiran II,https://jdih.kpu.go.id/data/data_kepkpu/2024kpt1050_L2.pdf
Nusa Tenggara Barat,2,Partai Gerakan Indonesia Raya,434155,14.4421,1,3006171,Partai Gerakan Indonesia Raya,434155,KPU 1050 Tahun 2024 Lampiran II,https://jdih.kpu.go.id/data/data_kepkpu/2024kpt1050_L2.pdf
Nusa Tenggara Barat,1,Partai Kebangkitan Bangsa,355767,11.8346,2,3006171,Partai Gerakan Indonesia Raya,434155,KPU 1050 Tahun 2024 Lampiran II,https://jdih.kpu.go.id/data/data_kepkpu/2024kpt1050_L2.pdf
Nusa Tenggara Barat,8,Partai Keadilan Sejahtera,319321,10.6222,3,3006171,Partai Gerakan Indonesia Raya,434155,KPU 1050 Tahun 2024 Lampiran II,https://jdih.kpu.go.id/data/data_kepkpu/2024kpt1050_L2.pdf
Nusa Tenggara Barat,4,Partai Golongan Karya,285263,9.4892,4,3006171,Partai Gerakan Indonesia Raya,434155,KPU 1050 Tahun 2024 Lampiran II,https://jdih.kpu.go.id/data/data_kepkpu/2024kpt1050_L2.pdf
Nusa Tenggara Barat,12,Partai Amanat Nasional,262809,8.7423,5,3006171,Partai Gerakan Indonesia Raya,434155,KPU 1050 Tahun 2024 Lampiran II,https://jdih.kpu.go.id/data/data_kepkpu/2024kpt1050_L2.pdf
Nusa Tenggara Barat,5,Partai NasDem,247854,8.2448,6,3006171,Partai Gerakan Indonesia Raya,434155,KPU 1050 Tahun 2024 Lampiran II,https://jdih.kpu.go.id/data/data_kepkpu/2024kpt1050_L2.pdf
Nusa Tenggara Barat,14,Partai Demokrat,220438,7.3328,7,3006171,Partai Gerakan Indonesia Raya,434155,KPU 1050 Tahun 2024 Lampiran II,https://jdih.kpu.go.id/data/data_kepkpu/2024kpt1050_L2.pdf
Nusa Tenggara Barat,16,Partai PERINDO,212059,7.0541,8,3006171,Partai Gerakan Indonesia Raya,434155,KPU 1050 Tahun 2024 Lampiran II,https://jdih.kpu.go.id/data/data_kepkpu/2024kpt1050_L2.pdf
Nusa Tenggara Barat,17,Partai Persatuan Pembangunan,191199,6.3602,9,3006171,Partai Gerakan Indonesia Raya,434155,KPU 1050 Tahun 2024 Lampiran II,https://jdih.kpu.go.id/data/data_kepkpu/2024kpt1050_L2.pdf
Nusa Tenggara Barat,3,Partai Demokrasi Indonesia Perjuangan,188688,6.2767,10,3006171,Partai Gerakan Indonesia Raya,434155,KPU 1050 Tahun 2024 Lampiran II,https://jdih.kpu.go.id/data/data_kepkpu/2024kpt1050_L2.pdf
Nusa Tenggara Barat,7,Partai Gelombang Rakyat Indonesia,116859,3.8873,11,3006171,Partai Gerakan Indonesia Raya,434155,KPU 1050 Tahun 2024 Lampiran II,https://jdih.kpu.go.id/data/data_kepkpu/2024kpt1050_L2.pdf
Nusa Tenggara Barat,15,Partai Solidaritas Indonesia,46894,1.5599,12,3006171,Partai Gerakan Indonesia Raya,434155,KPU 1050 Tahun 2024 Lampiran II,https://jdih.kpu.go.id/data/data_kepkpu/2024kpt1050_L2.pdf
Nusa Tenggara Barat,10,Partai Hati Nurani Rakyat,33991,1.1307,13,3006171,Partai Gerakan Indonesia Raya,434155,KPU 1050 Tahun 2024 Lampiran II,https://jdih.kpu.go.id/data/data_kepkpu/2024kpt1050_L2.pdf
Nusa Tenggara Barat,13,Partai Bulan Bintang,28195,0.9379,14,3006171,Partai Gerakan Indonesia Raya,434155,KPU 1050 Tahun 2024 Lampiran II,https://jdih.kpu.go.id/data/data_kepkpu/2024kpt1050_L2.pdf
Nusa Tenggara Barat,6,Partai Buruh,22900,0.7618,15,3006171,Partai Gerakan Indonesia Raya,434155,KPU 1050 Tahun 2024 Lampiran II,https://jdih.kpu.go.id/data/data_kepkpu/2024kpt1050_L2.pdf
Nusa Tenggara Barat,11,Partai Garda Republik Indonesia,19289,0.6416,16,3006171,Partai Gerakan Indonesia Raya,434155,KPU 1050 Tahun 2024 Lampiran II,https://jdih.kpu.go.id/data/data_kepkpu/2024kpt1050_L2.pdf
Nusa Tenggara Barat,9,Partai Kebangkitan Nusantara,11008,0.3662,17,3006171,Partai Gerakan Indonesia Raya,434155,KPU 1050 Tahun 2024 Lampiran II,https://jdih.kpu.go.id/data/data_kepkpu/2024kpt1050_L2.pdf
Nusa Tenggara Barat,24,Partai Ummat,9482,0.3154,18,3006171,Partai Gerakan Indonesia Raya,434155,KPU 1050 Tahun 2024 Lampiran II,https://jdih.kpu.go.id/data/data_kepkpu/2024kpt1050_L2.pdf
Nusa Tenggara Timur,3,Partai Demokrasi Indonesia Perjuangan,447442,15.9737,1,2801119,Partai Demokrasi Indonesia Perjuangan,447442,KPU 1050 Tahun 2024 Lampiran II,https://jdih.kpu.go.id/data/data_kepkpu/2024kpt1050_L2.pdf
Nusa Tenggara Timur,4,Partai Golongan Karya,378996,13.5302,2,2801119,Partai Demokrasi Indonesia Perjuangan,447442,KPU 1050 Tahun 2024 Lampiran II,https://jdih.kpu.go.id/data/data_kepkpu/2024kpt1050_L2.pdf
Nusa Tenggara Timur,14,Partai Demokrat,342001,12.2094,3,2801119,Partai Demokrasi Indonesia Perjuangan,447442,KPU 1050 Tahun 2024 Lampiran II,https://jdih.kpu.go.id/data/data_kepkpu/2024kpt1050_L2.pdf
Nusa Tenggara Timur,5,Partai NasDem,338882,12.0981,4,2801119,Partai Demokrasi Indonesia Perjuangan,447442,KPU 1050 Tahun 2024 Lampiran II,https://jdih.kpu.go.id/data/data_kepkpu/2024kpt1050_L2.pdf
Nusa Tenggara Timur,2,Partai Gerakan Indonesia Raya,325202,11.6097,5,2801119,Partai Demokrasi Indonesia Perjuangan,447442,KPU 1050 Tahun 2024 Lampiran II,https://jdih.kpu.go.id/data/data_kepkpu/2024kpt1050_L2.pdf
Nusa Tenggara Timur,1,Partai Kebangkitan Bangsa,255277,9.1134,6,2801119,Partai Demokrasi Indonesia Perjuangan,447442,KPU 1050 Tahun 2024 Lampiran II,https://jdih.kpu.go.id/data/data_kepkpu/2024kpt1050_L2.pdf
Nusa Tenggara Timur,12,Partai Amanat Nasional,212854,7.5989,7,2801119,Partai Demokrasi Indonesia Perjuangan,447442,KPU 1050 Tahun 2024 Lampiran II,https://jdih.kpu.go.id/data/data_kepkpu/2024kpt1050_L2.pdf
Nusa Tenggara Timur,15,Partai Solidaritas Indonesia,129806,4.6341,8,2801119,Partai Demokrasi Indonesia Perjuangan,447442,KPU 1050 Tahun 2024 Lampiran II,https://jdih.kpu.go.id/data/data_kepkpu/2024kpt1050_L2.pdf
Nusa Tenggara Timur,16,Partai PERINDO,86108,3.0741,9,2801119,Partai Demokrasi Indonesia Perjuangan,447442,KPU 1050 Tahun 2024 Lampiran II,https://jdih.kpu.go.id/data/data_kepkpu/2024kpt1050_L2.pdf
Nusa Tenggara Timur,10,Partai Hati Nurani Rakyat,75551,2.6972,10,2801119,Partai Demokrasi Indonesia Perjuangan,447442,KPU 1050 Tahun 2024 Lampiran II,https://jdih.kpu.go.id/data/data_kepkpu/2024kpt1050_L2.pdf
Nusa Tenggara Timur,8,Partai Keadilan Sejahtera,55982,1.9986,11,2801119,Partai Demokrasi Indonesia Perjuangan,447442,KPU 1050 Tahun 2024 Lampiran II,https://jdih.kpu.go.id/data/data_kepkpu/2024kpt1050_L2.pdf
Nusa Tenggara Timur,17,Partai Persatuan Pembangunan,54666,1.9516,12,2801119,Partai Demokrasi Indonesia Perjuangan,447442,KPU 1050 Tahun 2024 Lampiran II,https://jdih.kpu.go.id/data/data_kepkpu/2024kpt1050_L2.pdf
Nusa Tenggara Timur,6,Partai Buruh,25520,0.9111,13,2801119,Partai Demokrasi Indonesia Perjuangan,447442,KPU 1050 Tahun 2024 Lampiran II,https://jdih.kpu.go.id/data/data_kepkpu/2024kpt1050_L2.pdf
Nusa Tenggara Timur,7,Partai Gelombang Rakyat Indonesia,24872,0.8879,14,2801119,Partai Demokrasi Indonesia Perjuangan,447442,KPU 1050 Tahun 2024 Lampiran II,https://jdih.kpu.go.id/data/data_kepkpu/2024kpt1050_L2.pdf
Nusa Tenggara Timur,11,Partai Garda Republik Indonesia,19101,0.6819,15,2801119,Partai Demokrasi Indonesia Perjuangan,447442,KPU 1050 Tahun 2024 Lampiran II,https://jdih.kpu.go.id/data/data_kepkpu/2024kpt1050_L2.pdf
Nusa Tenggara Timur,9,Partai Kebangkitan Nusantara,16808,0.6,16,2801119,Partai Demokrasi Indonesia Perjuangan,447442,KPU 1050 Tahun 2024 Lampiran II,https://jdih.kpu.go.id/data/data_kepkpu/2024kpt1050_L2.pdf
Nusa Tenggara Timur,13,Partai Bulan Bintang,8306,0.2965,17,2801119,Partai Demokrasi Indonesia Perjuangan,447442,KPU 1050 Tahun 2024 Lampiran II,https://jdih.kpu.go.id/data/data_kepkpu/2024kpt1050_L2.pdf
Nusa Tenggara Timur,24,Partai Ummat,3745,0.1337,18,2801119,Partai Demokrasi Indonesia Perjuangan,447442,KPU 1050 Tahun 2024 Lampiran II,https://jdih.kpu.go.id/data/data_kepkpu/2024kpt1050_L2.pdf
Kalimantan Barat,3,Partai Demokrasi Indonesia Perjuangan,735610,24.4689,1,3006307,Partai Demokrasi Indonesia Perjuangan,735610,KPU 1050 Tahun 2024 Lampiran II,https://jdih.kpu.go.id/data/data_kepkpu/2024kpt1050_L2.pdf
Kalimantan Barat,5,Partai NasDem,514489,17.1137,2,3006307,Partai Demokrasi Indonesia Perjuangan,735610,KPU 1050 Tahun 2024 Lampiran II,https://jdih.kpu.go.id/data/data_kepkpu/2024kpt1050_L2.pdf
Kalimantan Barat,4,Partai Golongan Karya,409076,13.6073,3,3006307,Partai Demokrasi Indonesia Perjuangan,735610,KPU 1050 Tahun 2024 Lampiran II,https://jdih.kpu.go.id/data/data_kepkpu/2024kpt1050_L2.pdf
Kalimantan Barat,2,Partai Gerakan Indonesia Raya,344780,11.4686,4,3006307,Partai Demokrasi Indonesia Perjuangan,735610,KPU 1050 Tahun 2024 Lampiran II,https://jdih.kpu.go.id/data/data_kepkpu/2024kpt1050_L2.pdf
Kalimantan Barat,12,Partai Amanat Nasional,189531,6.3044,5,3006307,Partai Demokrasi Indonesia Perjuangan,735610,KPU 1050 Tahun 2024 Lampiran II,https://jdih.kpu.go.id/data/data_kepkpu/2024kpt1050_L2.pdf
Kalimantan Barat,1,Partai Kebangkitan Bangsa,174943,5.8192,6,3006307,Partai Demokrasi Indonesia Perjuangan,735610,KPU 1050 Tahun 2024 Lampiran II,https://jdih.kpu.go.id/data/data_kepkpu/2024kpt1050_L2.pdf
Kalimantan Barat,8,Partai Keadilan Sejahtera,137253,4.5655,7,3006307,Partai Demokrasi Indonesia Perjuangan,735610,KPU 1050 Tahun 2024 Lampiran II,https://jdih.kpu.go.id/data/data_kepkpu/2024kpt1050_L2.pdf
Kalimantan Barat,14,Partai Demokrat,134940,4.4886,8,3006307,Partai Demokrasi Indonesia Perjuangan,735610,KPU 1050 Tahun 2024 Lampiran II,https://jdih.kpu.go.id/data/data_kepkpu/2024kpt1050_L2.pdf
Kalimantan Barat,17,Partai Persatuan Pembangunan,114087,3.7949,9,3006307,Partai Demokrasi Indonesia Perjuangan,735610,KPU 1050 Tahun 2024 Lampiran II,https://jdih.kpu.go.id/data/data_kepkpu/2024kpt1050_L2.pdf
Kalimantan Barat,10,Partai Hati Nurani Rakyat,78850,2.6228,10,3006307,Partai Demokrasi Indonesia Perjuangan,735610,KPU 1050 Tahun 2024 Lampiran II,https://jdih.kpu.go.id/data/data_kepkpu/2024kpt1050_L2.pdf
Kalimantan Barat,15,Partai Solidaritas Indonesia,74358,2.4734,11,3006307,Partai Demokrasi Indonesia Perjuangan,735610,KPU 1050 Tahun 2024 Lampiran II,https://jdih.kpu.go.id/data/data_kepkpu/2024kpt1050_L2.pdf
Kalimantan Barat,16,Partai PERINDO,45082,1.4996,12,3006307,Partai Demokrasi Indonesia Perjuangan,735610,KPU 1050 Tahun 2024 Lampiran II,https://jdih.kpu.go.id/data/data_kepkpu/2024kpt1050_L2.pdf
Kalimantan Barat,7,Partai Gelombang Rakyat Indonesia,16224,0.5397,13,3006307,Partai Demokrasi Indonesia Perjuangan,735610,KPU 1050 Tahun 2024 Lampiran II,https://jdih.kpu.go.id/data/data_kepkpu/2024kpt1050_L2.pdf
Kalimantan Barat,6,Partai Buruh,11350,0.3775,14,3006307,Partai Demokrasi Indonesia Perjuangan,735610,KPU 1050 Tahun 2024 Lampiran II,https://jdih.kpu.go.id/data/data_kepkpu/2024kpt1050_L2.pdf
Kalimantan Barat,24,Partai Ummat,10091,0.3357,15,3006307,Partai Demokrasi Indonesia Perjuangan,735610,KPU 1050 Tahun 2024 Lampiran II,https://jdih.kpu.go.id/data/data_kepkpu/2024kpt1050_L2.pdf
Kalimantan Barat,11,Partai Garda Republik Indonesia,6956,0.2314,16,3006307,Partai Demokrasi Indonesia Perjuangan,735610,KPU 1050 Tahun 2024 Lampiran II,https://jdih.kpu.go.id/data/data_kepkpu/2024kpt1050_L2.pdf
Kalimantan Barat,13,Partai Bulan Bintang,4706,0.1565,17,3006307,Partai Demokrasi Indonesia Perjuangan,735610,KPU 1050 Tahun 2024 Lampiran II,https://jdih.kpu.go.id/data/data_kepkpu/2024kpt1050_L2.pdf
Kalimantan Barat,9,Partai Kebangkitan Nusantara,3981,0.1324,18,3006307,Partai Demokrasi Indonesia Perjuangan,735610,KPU 1050 Tahun 2024 Lampiran II,https://jdih.kpu.go.id/data/data_kepkpu/2024kpt1050_L2.pdf
Kalimantan Tengah,3,Partai Demokrasi Indonesia Perjuangan,295749,21.8325,1,1354625,Partai Demokrasi Indonesia Perjuangan,295749,KPU 1050 Tahun 2024 Lampiran II,https://jdih.kpu.go.id/data/data_kepkpu/2024kpt1050_L2.pdf
Kalimantan Tengah,4,Partai Golongan Karya,193871,14.3118,2,1354625,Partai Demokrasi Indonesia Perjuangan,295749,KPU 1050 Tahun 2024 Lampiran II,https://jdih.kpu.go.id/data/data_kepkpu/2024kpt1050_L2.pdf
Kalimantan Tengah,2,Partai Gerakan Indonesia Raya,177420,13.0974,3,1354625,Partai Demokrasi Indonesia Perjuangan,295749,KPU 1050 Tahun 2024 Lampiran II,https://jdih.kpu.go.id/data/data_kepkpu/2024kpt1050_L2.pdf
Kalimantan Tengah,14,Partai Demokrat,154407,11.3985,4,1354625,Partai Demokrasi Indonesia Perjuangan,295749,KPU 1050 Tahun 2024 Lampiran II,https://jdih.kpu.go.id/data/data_kepkpu/2024kpt1050_L2.pdf
Kalimantan Tengah,12,Partai Amanat Nasional,148111,10.9337,5,1354625,Partai Demokrasi Indonesia Perjuangan,295749,KPU 1050 Tahun 2024 Lampiran II,https://jdih.kpu.go.id/data/data_kepkpu/2024kpt1050_L2.pdf
Kalimantan Tengah,5,Partai NasDem,134107,9.8999,6,1354625,Partai Demokrasi Indonesia Perjuangan,295749,KPU 1050 Tahun 2024 Lampiran II,https://jdih.kpu.go.id/data/data_kepkpu/2024kpt1050_L2.pdf
Kalimantan Tengah,1,Partai Kebangkitan Bangsa,111434,8.2262,7,1354625,Partai Demokrasi Indonesia Perjuangan,295749,KPU 1050 Tahun 2024 Lampiran II,https://jdih.kpu.go.id/data/data_kepkpu/2024kpt1050_L2.pdf
Kalimantan Tengah,8,Partai Keadilan Sejahtera,29778,2.1982,8,1354625,Partai Demokrasi Indonesia Perjuangan,295749,KPU 1050 Tahun 2024 Lampiran II,https://jdih.kpu.go.id/data/data_kepkpu/2024kpt1050_L2.pdf
Kalimantan Tengah,16,Partai PERINDO,27215,2.009,9,1354625,Partai Demokrasi Indonesia Perjuangan,295749,KPU 1050 Tahun 2024 Lampiran II,https://jdih.kpu.go.id/data/data_kepkpu/2024kpt1050_L2.pdf
Kalimantan Tengah,15,Partai Solidaritas Indonesia,21397,1.5796,10,1354625,Partai Demokrasi Indonesia Perjuangan,295749,KPU 1050 Tahun 2024 Lampiran II,https://jdih.kpu.go.id/data/data_kepkpu/2024kpt1050_L2.pdf
Kalimantan Tengah,17,Partai Persatuan Pembangunan,18776,1.3861,11,1354625,Partai Demokrasi Indonesia Perjuangan,295749,KPU 1050 Tahun 2024 Lampiran II,https://jdih.kpu.go.id/data/data_kepkpu/2024kpt1050_L2.pdf
Kalimantan Tengah,10,Partai Hati Nurani Rakyat,13786,1.0177,12,1354625,Partai Demokrasi Indonesia Perjuangan,295749,KPU 1050 Tahun 2024 Lampiran II,https://jdih.kpu.go.id/data/data_kepkpu/2024kpt1050_L2.pdf
Kalimantan Tengah,7,Partai Gelombang Rakyat Indonesia,8095,0.5976,13,1354625,Partai Demokrasi Indonesia Perjuangan,295749,KPU 1050 Tahun 2024 Lampiran II,https://jdih.kpu.go.id/data/data_kepkpu/2024kpt1050_L2.pdf
Kalimantan Tengah,6,Partai Buruh,6427,0.4744,14,1354625,Partai Demokrasi Indonesia Perjuangan,295749,KPU 1050 Tahun 2024 Lampiran II,https://jdih.kpu.go.id/data/data_kepkpu/2024kpt1050_L2.pdf
Kalimantan Tengah,11,Partai Garda Republik Indonesia,4853,0.3583,15,1354625,Partai Demokrasi Indonesia Perjuangan,295749,KPU 1050 Tahun 2024 Lampiran II,https://jdih.kpu.go.id/data/data_kepkpu/2024kpt1050_L2.pdf
Kalimantan Tengah,13,Partai Bulan Bintang,4042,0.2984,16,1354625,Partai Demokrasi Indonesia Perjuangan,295749,KPU 1050 Tahun 2024 Lampiran II,https://jdih.kpu.go.id/data/data_kepkpu/2024kpt1050_L2.pdf
Kalimantan Tengah,9,Partai Kebangkitan Nusantara,3143,0.232,17,1354625,Partai Demokrasi Indonesia Perjuangan,295749,KPU 1050 Tahun 2024 Lampiran II,https://jdih.kpu.go.id/data/data_kepkpu/2024kpt1050_L2.pdf
Kalimantan Tengah,24,Partai Ummat,2014,0.1487,18,1354625,Partai Demokrasi Indonesia Perjuangan,295749,KPU 1050 Tahun 2024 Lampiran II,https://jdih.kpu.go.id/data/data_kepkpu/2024kpt1050_L2.pdf
Kalimantan Selatan,4,Partai Golongan Karya,501255,22.4797,1,2229816,Partai Golongan Karya,501255,KPU 1050 Tahun 2024 Lampiran II,https://jdih.kpu.go.id/data/data_kepkpu/2024kpt1050_L2.pdf
Kalimantan Selatan,12,Partai Amanat Nasional,372607,16.7102,2,2229816,Partai Golongan Karya,501255,KPU 1050 Tahun 2024 Lampiran II,https://jdih.kpu.go.id/data/data_kepkpu/2024kpt1050_L2.pdf
Kalimantan Selatan,5,Partai NasDem,296156,13.2816,3,2229816,Partai Golongan Karya,501255,KPU 1050 Tahun 2024 Lampiran II,https://jdih.kpu.go.id/data/data_kepkpu/2024kpt1050_L2.pdf
Kalimantan Selatan,2,Partai Gerakan Indonesia Raya,247043,11.0791,4,2229816,Partai Golongan Karya,501255,KPU 1050 Tahun 2024 Lampiran II,https://jdih.kpu.go.id/data/data_kepkpu/2024kpt1050_L2.pdf
Kalimantan Selatan,8,Partai Keadilan Sejahtera,169987,7.6234,5,2229816,Partai Golongan Karya,501255,KPU 1050 Tahun 2024 Lampiran II,https://jdih.kpu.go.id/data/data_kepkpu/2024kpt1050_L2.pdf
Kalimantan Selatan,1,Partai Kebangkitan Bangsa,146780,6.5826,6,2229816,Partai Golongan Karya,501255,KPU 1050 Tahun 2024 Lampiran II,https://jdih.kpu.go.id/data/data_kepkpu/2024kpt1050_L2.pdf
Kalimantan Selatan,3,Partai Demokrasi Indonesia Perjuangan,145204,6.5119,7,2229816,Partai Golongan Karya,501255,KPU 1050 Tahun 2024 Lampiran II,https://jdih.kpu.go.id/data/data_kepkpu/2024kpt1050_L2.pdf
Kalimantan Selatan,14,Partai Demokrat,138909,6.2296,8,2229816,Partai Golongan Karya,501255,KPU 1050 Tahun 2024 Lampiran II,https://jdih.kpu.go.id/data/data_kepkpu/2024kpt1050_L2.pdf
Kalimantan Selatan,17,Partai Persatuan Pembangunan,102434,4.5938,9,2229816,Partai Golongan Karya,501255,KPU 1050 Tahun 2024 Lampiran II,https://jdih.kpu.go.id/data/data_kepkpu/2024kpt1050_L2.pdf
Kalimantan Selatan,7,Partai Gelombang Rakyat Indonesia,23419,1.0503,10,2229816,Partai Golongan Karya,501255,KPU 1050 Tahun 2024 Lampiran II,https://jdih.kpu.go.id/data/data_kepkpu/2024kpt1050_L2.pdf
Kalimantan Selatan,15,Partai Solidaritas Indonesia,20058,0.8995,11,2229816,Partai Golongan Karya,501255,KPU 1050 Tahun 2024 Lampiran II,https://jdih.kpu.go.id/data/data_kepkpu/2024kpt1050_L2.pdf
Kalimantan Selatan,16,Partai PERINDO,14806,0.664,12,2229816,Partai Golongan Karya,501255,KPU 1050 Tahun 2024 Lampiran II,https://jdih.kpu.go.id/data/data_kepkpu/2024kpt1050_L2.pdf
Kalimantan Selatan,6,Partai Buruh,13250,0.5942,13,2229816,Partai Golongan Karya,501255,KPU 1050 Tahun 2024 Lampiran II,https://jdih.kpu.go.id/data/data_kepkpu/2024kpt1050_L2.pdf
Kalimantan Selatan,24,Partai Ummat,11600,0.5202,14,2229816,Partai Golongan Karya,501255,KPU 1050 Tahun 2024 Lampiran II,https://jdih.kpu.go.id/data/data_kepkpu/2024kpt1050_L2.pdf
Kalimantan Selatan,10,Partai Hati Nurani Rakyat,9424,0.4226,15,2229816,Partai Golongan Karya,501255,KPU 1050 Tahun 2024 Lampiran II,https://jdih.kpu.go.id/data/data_kepkpu/2024kpt1050_L2.pdf
Kalimantan Selatan,13,Partai Bulan Bintang,7585,0.3402,16,2229816,Partai Golongan Karya,501255,KPU 1050 Tahun 2024 Lampiran II,https://jdih.kpu.go.id/data/data_kepkpu/2024kpt1050_L2.pdf
Kalimantan Selatan,11,Partai Garda Republik Indonesia,6727,0.3017,17,2229816,Partai Golongan Karya,501255,KPU 1050 Tahun 2024 Lampiran II,https://jdih.kpu.go.id/data/data_kepkpu/2024kpt1050_L2.pdf
Kalimantan Selatan,9,Partai Kebangkitan Nusantara,2572,0.1153,18,2229816,Partai Golongan Karya,501255,KPU 1050 Tahun 2024 Lampiran II,https://jdih.kpu.go.id/data/data_kepkpu/2024kpt1050_L2.pdf
Kalimantan Timur,4,Partai Golongan Karya,538115,26.7184,1,2014025,Partai Golongan Karya,538115,KPU 1050 Tahun 2024 Lampiran II,https://jdih.kpu.go.id/data/data_kepkpu/2024kpt1050_L2.pdf
Kalimantan Timur,2,Partai Gerakan Indonesia Raya,307260,15.256,2,2014025,Partai Golongan Karya,538115,KPU 1050 Tahun 2024 Lampiran II,https://jdih.kpu.go.id/data/data_kepkpu/2024kpt1050_L2.pdf
Kalimantan Timur,3,Partai Demokrasi Indonesia Perjuangan,252717,12.5479,3,2014025,Partai Golongan Karya,538115,KPU 1050 Tahun 2024 Lampiran II,https://jdih.kpu.go.id/data/data_kepkpu/2024kpt1050_L2.pdf
Kalimantan Timur,5,Partai NasDem,227808,11.3111,4,2014025,Partai Golongan Karya,538115,KPU 1050 Tahun 2024 Lampiran II,https://jdih.kpu.go.id/data/data_kepkpu/2024kpt1050_L2.pdf
Kalimantan Timur,8,Partai Keadilan Sejahtera,145571,7.2279,5,2014025,Partai Golongan Karya,538115,KPU 1050 Tahun 2024 Lampiran II,https://jdih.kpu.go.id/data/data_kepkpu/2024kpt1050_L2.pdf
Kalimantan Timur,1,Partai Kebangkitan Bangsa,143870,7.1434,6,2014025,Partai Golongan Karya,538115,KPU 1050 Tahun 2024 Lampiran II,https://jdih.kpu.go.id/data/data_kepkpu/2024kpt1050_L2.pdf
Kalimantan Timur,12,Partai Amanat Nasional,111139,5.5183,7,2014025,Partai Golongan Karya,538115,KPU 1050 Tahun 2024 Lampiran II,https://jdih.kpu.go.id/data/data_kepkpu/2024kpt1050_L2.pdf
Kalimantan Timur,14,Partai Demokrat,110797,5.5013,8,2014025,Partai Golongan Karya,538115,KPU 1050 Tahun 2024 Lampiran II,https://jdih.kpu.go.id/data/data_kepkpu/2024kpt1050_L2.pdf
Kalimantan Timur,7,Partai Gelombang Rakyat Indonesia,56317,2.7962,9,2014025,Partai Golongan Karya,538115,KPU 1050 Tahun 2024 Lampiran II,https://jdih.kpu.go.id/data/data_kepkpu/2024kpt1050_L2.pdf
Kalimantan Timur,17,Partai Persatuan Pembangunan,38593,1.9162,10,2014025,Partai Golongan Karya,538115,KPU 1050 Tahun 2024 Lampiran II,https://jdih.kpu.go.id/data/data_kepkpu/2024kpt1050_L2.pdf
Kalimantan Timur,15,Partai Solidaritas Indonesia,29911,1.4851,11,2014025,Partai Golongan Karya,538115,KPU 1050 Tahun 2024 Lampiran II,https://jdih.kpu.go.id/data/data_kepkpu/2024kpt1050_L2.pdf
Kalimantan Timur,10,Partai Hati Nurani Rakyat,13264,0.6586,12,2014025,Partai Golongan Karya,538115,KPU 1050 Tahun 2024 Lampiran II,https://jdih.kpu.go.id/data/data_kepkpu/2024kpt1050_L2.pdf
Kalimantan Timur,16,Partai PERINDO,10269,0.5099,13,2014025,Partai Golongan Karya,538115,KPU 1050 Tahun 2024 Lampiran II,https://jdih.kpu.go.id/data/data_kepkpu/2024kpt1050_L2.pdf
Kalimantan Timur,6,Partai Buruh,8640,0.429,14,2014025,Partai Golongan Karya,538115,KPU 1050 Tahun 2024 Lampiran II,https://jdih.kpu.go.id/data/data_kepkpu/2024kpt1050_L2.pdf
Kalimantan Timur,13,Partai Bulan Bintang,5790,0.2875,15,2014025,Partai Golongan Karya,538115,KPU 1050 Tahun 2024 Lampiran II,https://jdih.kpu.go.id/data/data_kepkpu/2024kpt1050_L2.pdf
Kalimantan Timur,11,Partai Garda Republik Indonesia,5156,0.256,16,2014025,Partai Golongan Karya,538115,KPU 1050 Tahun 2024 Lampiran II,https://jdih.kpu.go.id/data/data_kepkpu/2024kpt1050_L2.pdf
Kalimantan Timur,24,Partai Ummat,5145,0.2555,17,2014025,Partai Golongan Karya,538115,KPU 1050 Tahun 2024 Lampiran II,https://jdih.kpu.go.id/data/data_kepkpu/2024kpt1050_L2.pdf
Kalimantan Timur,9,Partai Kebangkitan Nusantara,3663,0.1819,18,2014025,Partai Golongan Karya,538115,KPU 1050 Tahun 2024 Lampiran II,https://jdih.kpu.go.id/data/data_kepkpu/2024kpt1050_L2.pdf
Kalimantan Utara,2,Partai Gerakan Indonesia Raya,126507,33.3389,1,379458,Partai Gerakan Indonesia Raya,126507,KPU 1050 Tahun 2024 Lampiran II,https://jdih.kpu.go.id/data/data_kepkpu/2024kpt1050_L2.pdf
Kalimantan Utara,3,Partai Demokrasi Indonesia Perjuangan,75556,19.9116,2,379458,Partai Gerakan Indonesia Raya,126507,KPU 1050 Tahun 2024 Lampiran II,https://jdih.kpu.go.id/data/data_kepkpu/2024kpt1050_L2.pdf
Kalimantan Utara,14,Partai Demokrat,63863,16.8301,3,379458,Partai Gerakan Indonesia Raya,126507,KPU 1050 Tahun 2024 Lampiran II,https://jdih.kpu.go.id/data/data_kepkpu/2024kpt1050_L2.pdf
Kalimantan Utara,5,Partai NasDem,31201,8.2225,4,379458,Partai Gerakan Indonesia Raya,126507,KPU 1050 Tahun 2024 Lampiran II,https://jdih.kpu.go.id/data/data_kepkpu/2024kpt1050_L2.pdf
Kalimantan Utara,4,Partai Golongan Karya,24992,6.5862,5,379458,Partai Gerakan Indonesia Raya,126507,KPU 1050 Tahun 2024 Lampiran II,https://jdih.kpu.go.id/data/data_kepkpu/2024kpt1050_L2.pdf
Kalimantan Utara,8,Partai Keadilan Sejahtera,12354,3.2557,6,379458,Partai Gerakan Indonesia Raya,126507,KPU 1050 Tahun 2024 Lampiran II,https://jdih.kpu.go.id/data/data_kepkpu/2024kpt1050_L2.pdf
Kalimantan Utara,17,Partai Persatuan Pembangunan,8208,2.1631,7,379458,Partai Gerakan Indonesia Raya,126507,KPU 1050 Tahun 2024 Lampiran II,https://jdih.kpu.go.id/data/data_kepkpu/2024kpt1050_L2.pdf
Kalimantan Utara,10,Partai Hati Nurani Rakyat,8197,2.1602,8,379458,Partai Gerakan Indonesia Raya,126507,KPU 1050 Tahun 2024 Lampiran II,https://jdih.kpu.go.id/data/data_kepkpu/2024kpt1050_L2.pdf
Kalimantan Utara,12,Partai Amanat Nasional,7795,2.0542,9,379458,Partai Gerakan Indonesia Raya,126507,KPU 1050 Tahun 2024 Lampiran II,https://jdih.kpu.go.id/data/data_kepkpu/2024kpt1050_L2.pdf
Kalimantan Utara,1,Partai Kebangkitan Bangsa,7607,2.0047,10,379458,Partai Gerakan Indonesia Raya,126507,KPU 1050 Tahun 2024 Lampiran II,https://jdih.kpu.go.id/data/data_kepkpu/2024kpt1050_L2.pdf
Kalimantan Utara,7,Partai Gelombang Rakyat Indonesia,3622,0.9545,11,379458,Partai Gerakan Indonesia Raya,126507,KPU 1050 Tahun 2024 Lampiran II,https://jdih.kpu.go.id/data/data_kepkpu/2024kpt1050_L2.pdf
Kalimantan Utara,15,Partai Solidaritas Indonesia,3053,0.8046,12,379458,Partai Gerakan Indonesia Raya,126507,KPU 1050 Tahun 2024 Lampiran II,https://jdih.kpu.go.id/data/data_kepkpu/2024kpt1050_L2.pdf
Kalimantan Utara,6,Partai Buruh,1688,0.4448,13,379458,Partai Gerakan Indonesia Raya,126507,KPU 1050 Tahun 2024 Lampiran II,https://jdih.kpu.go.id/data/data_kepkpu/2024kpt1050_L2.pdf
Kalimantan Utara,16,Partai PERINDO,1385,0.365,14,379458,Partai Gerakan Indonesia Raya,126507,KPU 1050 Tahun 2024 Lampiran II,https://jdih.kpu.go.id/data/data_kepkpu/2024kpt1050_L2.pdf
Kalimantan Utara,11,Partai Garda Republik Indonesia,1273,0.3355,15,379458,Partai Gerakan Indonesia Raya,126507,KPU 1050 Tahun 2024 Lampiran II,https://jdih.kpu.go.id/data/data_kepkpu/2024kpt1050_L2.pdf
Kalimantan Utara,13,Partai Bulan Bintang,988,0.2604,16,379458,Partai Gerakan Indonesia Raya,126507,KPU 1050 Tahun 2024 Lampiran II,https://jdih.kpu.go.id/data/data_kepkpu/2024kpt1050_L2.pdf
Kalimantan Utara,9,Partai Kebangkitan Nusantara,815,0.2148,17,379458,Partai Gerakan Indonesia Raya,126507,KPU 1050 Tahun 2024 Lampiran II,https://jdih.kpu.go.id/data/data_kepkpu/2024kpt1050_L2.pdf
Kalimantan Utara,24,Partai Ummat,354,0.0933,18,379458,Partai Gerakan Indonesia Raya,126507,KPU 1050 Tahun 2024 Lampiran II,https://jdih.kpu.go.id/data/data_kepkpu/2024kpt1050_L2.pdf
Sulawesi Utara,3,Partai Demokrasi Indonesia Perjuangan,511270,33.3396,1,1533523,Partai Demokrasi Indonesia Perjuangan,511270,KPU 1050 Tahun 2024 Lampiran II,https://jdih.kpu.go.id/data/data_kepkpu/2024kpt1050_L2.pdf
Sulawesi Utara,14,Partai Demokrat,327386,21.3486,2,1533523,Partai Demokrasi Indonesia Perjuangan,511270,KPU 1050 Tahun 2024 Lampiran II,https://jdih.kpu.go.id/data/data_kepkpu/2024kpt1050_L2.pdf
Sulawesi Utara,4,Partai Golongan Karya,203548,13.2732,3,1533523,Partai Demokrasi Indonesia Perjuangan,511270,KPU 1050 Tahun 2024 Lampiran II,https://jdih.kpu.go.id/data/data_kepkpu/2024kpt1050_L2.pdf
Sulawesi Utara,5,Partai NasDem,174555,11.3826,4,1533523,Partai Demokrasi Indonesia Perjuangan,511270,KPU 1050 Tahun 2024 Lampiran II,https://jdih.kpu.go.id/data/data_kepkpu/2024kpt1050_L2.pdf
Sulawesi Utara,2,Partai Gerakan Indonesia Raya,116781,7.6152,5,1533523,Partai Demokrasi Indonesia Perjuangan,511270,KPU 1050 Tahun 2024 Lampiran II,https://jdih.kpu.go.id/data/data_kepkpu/2024kpt1050_L2.pdf
Sulawesi Utara,12,Partai Amanat Nasional,80753,5.2658,6,1533523,Partai Demokrasi Indonesia Perjuangan,511270,KPU 1050 Tahun 2024 Lampiran II,https://jdih.kpu.go.id/data/data_kepkpu/2024kpt1050_L2.pdf
Sulawesi Utara,8,Partai Keadilan Sejahtera,28665,1.8692,7,1533523,Partai Demokrasi Indonesia Perjuangan,511270,KPU 1050 Tahun 2024 Lampiran II,https://jdih.kpu.go.id/data/data_kepkpu/2024kpt1050_L2.pdf
Sulawesi Utara,16,Partai PERINDO,21438,1.398,8,1533523,Partai Demokrasi Indonesia Perjuangan,511270,KPU 1050 Tahun 2024 Lampiran II,https://jdih.kpu.go.id/data/data_kepkpu/2024kpt1050_L2.pdf
Sulawesi Utara,15,Partai Solidaritas Indonesia,17317,1.1292,9,1533523,Partai Demokrasi Indonesia Perjuangan,511270,KPU 1050 Tahun 2024 Lampiran II,https://jdih.kpu.go.id/data/data_kepkpu/2024kpt1050_L2.pdf
Sulawesi Utara,1,Partai Kebangkitan Bangsa,16639,1.085,10,1533523,Partai Demokrasi Indonesia Perjuangan,511270,KPU 1050 Tahun 2024 Lampiran II,https://jdih.kpu.go.id/data/data_kepkpu/2024kpt1050_L2.pdf
Sulawesi Utara,10,Partai Hati Nurani Rakyat,10248,0.6683,11,1533523,Partai Demokrasi Indonesia Perjuangan,511270,KPU 1050 Tahun 2024 Lampiran II,https://jdih.kpu.go.id/data/data_kepkpu/2024kpt1050_L2.pdf
Sulawesi Utara,17,Partai Persatuan Pembangunan,8242,0.5375,12,1533523,Partai Demokrasi Indonesia Perjuangan,511270,KPU 1050 Tahun 2024 Lampiran II,https://jdih.kpu.go.id/data/data_kepkpu/2024kpt1050_L2.pdf
Sulawesi Utara,7,Partai Gelombang Rakyat Indonesia,5802,0.3783,13,1533523,Partai Demokrasi Indonesia Perjuangan,511270,KPU 1050 Tahun 2024 Lampiran II,https://jdih.kpu.go.id/data/data_kepkpu/2024kpt1050_L2.pdf
Sulawesi Utara,6,Partai Buruh,3766,0.2456,14,1533523,Partai Demokrasi Indonesia Perjuangan,511270,KPU 1050 Tahun 2024 Lampiran II,https://jdih.kpu.go.id/data/data_kepkpu/2024kpt1050_L2.pdf
Sulawesi Utara,13,Partai Bulan Bintang,2980,0.1943,15,1533523,Partai Demokrasi Indonesia Perjuangan,511270,KPU 1050 Tahun 2024 Lampiran II,https://jdih.kpu.go.id/data/data_kepkpu/2024kpt1050_L2.pdf
Sulawesi Utara,11,Partai Garda Republik Indonesia,1684,0.1098,16,1533523,Partai Demokrasi Indonesia Perjuangan,511270,KPU 1050 Tahun 2024 Lampiran II,https://jdih.kpu.go.id/data/data_kepkpu/2024kpt1050_L2.pdf
Sulawesi Utara,9,Partai Kebangkitan Nusantara,1628,0.1062,17,1533523,Partai Demokrasi Indonesia Perjuangan,511270,KPU 1050 Tahun 2024 Lampiran II,https://jdih.kpu.go.id/data/data_kepkpu/2024kpt1050_L2.pdf
Sulawesi Utara,24,Partai Ummat,821,0.0535,18,1533523,Partai Demokrasi Indonesia Perjuangan,511270,KPU 1050 Tahun 2024 Lampiran II,https://jdih.kpu.go.id/data/data_kepkpu/2024kpt1050_L2.pdf
Sulawesi Tengah,4,Partai Golongan Karya,330971,19.2611,1,1718343,Partai Golongan Karya,330971,KPU 1050 Tahun 2024 Lampiran II,https://jdih.kpu.go.id/data/data_kepkpu/2024kpt1050_L2.pdf
Sulawesi Tengah,5,Partai NasDem,256799,14.9446,2,1718343,Partai Golongan Karya,330971,KPU 1050 Tahun 2024 Lampiran II,https://jdih.kpu.go.id/data/data_kepkpu/2024kpt1050_L2.pdf
Sulawesi Tengah,14,Partai Demokrat,254852,14.8313,3,1718343,Partai Golongan Karya,330971,KPU 1050 Tahun 2024 Lampiran II,https://jdih.kpu.go.id/data/data_kepkpu/2024kpt1050_L2.pdf
Sulawesi Tengah,2,Partai Gerakan Indonesia Raya,242635,14.1203,4,1718343,Partai Golongan Karya,330971,KPU 1050 Tahun 2024 Lampiran II,https://jdih.kpu.go.id/data/data_kepkpu/2024kpt1050_L2.pdf
Sulawesi Tengah,3,Partai Demokrasi Indonesia Perjuangan,136625,7.951,5,1718343,Partai Golongan Karya,330971,KPU 1050 Tahun 2024 Lampiran II,https://jdih.kpu.go.id/data/data_kepkpu/2024kpt1050_L2.pdf
Sulawesi Tengah,12,Partai Amanat Nasional,117811,6.8561,6,1718343,Partai Golongan Karya,330971,KPU 1050 Tahun 2024 Lampiran II,https://jdih.kpu.go.id/data/data_kepkpu/2024kpt1050_L2.pdf
Sulawesi Tengah,1,Partai Kebangkitan Bangsa,101659,5.9161,7,1718343,Partai Golongan Karya,330971,KPU 1050 Tahun 2024 Lampiran II,https://jdih.kpu.go.id/data/data_kepkpu/2024kpt1050_L2.pdf
Sulawesi Tengah,8,Partai Keadilan Sejahtera,100727,5.8619,8,1718343,Partai Golongan Karya,330971,KPU 1050 Tahun 2024 Lampiran II,https://jdih.kpu.go.id/data/data_kepkpu/2024kpt1050_L2.pdf
Sulawesi Tengah,16,Partai PERINDO,31068,1.808,9,1718343,Partai Golongan Karya,330971,KPU 1050 Tahun 2024 Lampiran II,https://jdih.kpu.go.id/data/data_kepkpu/2024kpt1050_L2.pdf
Sulawesi Tengah,10,Partai Hati Nurani Rakyat,30995,1.8038,10,1718343,Partai Golongan Karya,330971,KPU 1050 Tahun 2024 Lampiran II,https://jdih.kpu.go.id/data/data_kepkpu/2024kpt1050_L2.pdf
Sulawesi Tengah,17,Partai Persatuan Pembangunan,28346,1.6496,11,1718343,Partai Golongan Karya,330971,KPU 1050 Tahun 2024 Lampiran II,https://jdih.kpu.go.id/data/data_kepkpu/2024kpt1050_L2.pdf
Sulawesi Tengah,7,Partai Gelombang Rakyat Indonesia,20981,1.221,12,1718343,Partai Golongan Karya,330971,KPU 1050 Tahun 2024 Lampiran II,https://jdih.kpu.go.id/data/data_kepkpu/2024kpt1050_L2.pdf
Sulawesi Tengah,15,Partai Solidaritas Indonesia,20924,1.2177,13,1718343,Partai Golongan Karya,330971,KPU 1050 Tahun 2024 Lampiran II,https://jdih.kpu.go.id/data/data_kepkpu/2024kpt1050_L2.pdf
Sulawesi Tengah,13,Partai Bulan Bintang,12354,0.7189,14,1718343,Partai Golongan Karya,330971,KPU 1050 Tahun 2024 Lampiran II,https://jdih.kpu.go.id/data/data_kepkpu/2024kpt1050_L2.pdf
Sulawesi Tengah,9,Partai Kebangkitan Nusantara,10713,0.6234,15,1718343,Partai Golongan Karya,330971,KPU 1050 Tahun 2024 Lampiran II,https://jdih.kpu.go.id/data/data_kepkpu/2024kpt1050_L2.pdf
Sulawesi Tengah,6,Partai Buruh,9865,0.5741,16,1718343,Partai Golongan Karya,330971,KPU 1050 Tahun 2024 Lampiran II,https://jdih.kpu.go.id/data/data_kepkpu/2024kpt1050_L2.pdf
Sulawesi Tengah,11,Partai Garda Republik Indonesia,6094,0.3546,17,1718343,Partai Golongan Karya,330971,KPU 1050 Tahun 2024 Lampiran II,https://jdih.kpu.go.id/data/data_kepkpu/2024kpt1050_L2.pdf
Sulawesi Tengah,24,Partai Ummat,4924,0.2866,18,1718343,Partai Golongan Karya,330971,KPU 1050 Tahun 2024 Lampiran II,https://jdih.kpu.go.id/data/data_kepkpu/2024kpt1050_L2.pdf
Sulawesi Selatan,2,Partai Gerakan Indonesia Raya,960959,18.9112,1,5081429,Partai Gerakan Indonesia Raya,960959,KPU 1050 Tahun 2024 Lampiran II,https://jdih.kpu.go.id/data/data_kepkpu/2024kpt1050_L2.pdf
Sulawesi Selatan,5,Partai NasDem,876055,17.2403,2,5081429,Partai Gerakan Indonesia Raya,960959,KPU 1050 Tahun 2024 Lampiran II,https://jdih.kpu.go.id/data/data_kepkpu/2024kpt1050_L2.pdf
Sulawesi Selatan,4,Partai Golongan Karya,814225,16.0235,3,5081429,Partai Gerakan Indonesia Raya,960959,KPU 1050 Tahun 2024 Lampiran II,https://jdih.kpu.go.id/data/data_kepkpu/2024kpt1050_L2.pdf
Sulawesi Selatan,14,Partai Demokrat,416719,8.2008,4,5081429,Partai Gerakan Indonesia Raya,960959,KPU 1050 Tahun 2024 Lampiran II,https://jdih.kpu.go.id/data/data_kepkpu/2024kpt1050_L2.pdf
Sulawesi Selatan,12,Partai Amanat Nasional,411431,8.0968,5,5081429,Partai Gerakan Indonesia Raya,960959,KPU 1050 Tahun 2024 Lampiran II,https://jdih.kpu.go.id/data/data_kepkpu/2024kpt1050_L2.pdf
Sulawesi Selatan,8,Partai Keadilan Sejahtera,384394,7.5647,6,5081429,Partai Gerakan Indonesia Raya,960959,KPU 1050 Tahun 2024 Lampiran II,https://jdih.kpu.go.id/data/data_kepkpu/2024kpt1050_L2.pdf
Sulawesi Selatan,17,Partai Persatuan Pembangunan,382292,7.5233,7,5081429,Partai Gerakan Indonesia Raya,960959,KPU 1050 Tahun 2024 Lampiran II,https://jdih.kpu.go.id/data/data_kepkpu/2024kpt1050_L2.pdf
Sulawesi Selatan,3,Partai Demokrasi Indonesia Perjuangan,309000,6.081,8,5081429,Partai Gerakan Indonesia Raya,960959,KPU 1050 Tahun 2024 Lampiran II,https://jdih.kpu.go.id/data/data_kepkpu/2024kpt1050_L2.pdf
Sulawesi Selatan,1,Partai Kebangkitan Bangsa,268777,5.2894,9,5081429,Partai Gerakan Indonesia Raya,960959,KPU 1050 Tahun 2024 Lampiran II,https://jdih.kpu.go.id/data/data_kepkpu/2024kpt1050_L2.pdf
Sulawesi Selatan,15,Partai Solidaritas Indonesia,87631,1.7245,10,5081429,Partai Gerakan Indonesia Raya,960959,KPU 1050 Tahun 2024 Lampiran II,https://jdih.kpu.go.id/data/data_kepkpu/2024kpt1050_L2.pdf
Sulawesi Selatan,7,Partai Gelombang Rakyat Indonesia,55875,1.0996,11,5081429,Partai Gerakan Indonesia Raya,960959,KPU 1050 Tahun 2024 Lampiran II,https://jdih.kpu.go.id/data/data_kepkpu/2024kpt1050_L2.pdf
Sulawesi Selatan,16,Partai PERINDO,27990,0.5508,12,5081429,Partai Gerakan Indonesia Raya,960959,KPU 1050 Tahun 2024 Lampiran II,https://jdih.kpu.go.id/data/data_kepkpu/2024kpt1050_L2.pdf
Sulawesi Selatan,10,Partai Hati Nurani Rakyat,25209,0.4961,13,5081429,Partai Gerakan Indonesia Raya,960959,KPU 1050 Tahun 2024 Lampiran II,https://jdih.kpu.go.id/data/data_kepkpu/2024kpt1050_L2.pdf
Sulawesi Selatan,6,Partai Buruh,18576,0.3656,14,5081429,Partai Gerakan Indonesia Raya,960959,KPU 1050 Tahun 2024 Lampiran II,https://jdih.kpu.go.id/data/data_kepkpu/2024kpt1050_L2.pdf
Sulawesi Selatan,24,Partai Ummat,12048,0.2371,15,5081429,Partai Gerakan Indonesia Raya,960959,KPU 1050 Tahun 2024 Lampiran II,https://jdih.kpu.go.id/data/data_kepkpu/2024kpt1050_L2.pdf
Sulawesi Selatan,11,Partai Garda Republik Indonesia,11938,0.2349,16,5081429,Partai Gerakan Indonesia Raya,960959,KPU 1050 Tahun 2024 Lampiran II,https://jdih.kpu.go.id/data/data_kepkpu/2024kpt1050_L2.pdf
Sulawesi Selatan,13,Partai Bulan Bintang,9408,0.1851,17,5081429,Partai Gerakan Indonesia Raya,960959,KPU 1050 Tahun 2024 Lampiran II,https://jdih.kpu.go.id/data/data_kepkpu/2024kpt1050_L2.pdf
Sulawesi Selatan,9,Partai Kebangkitan Nusantara,8902,0.1752,18,5081429,Partai Gerakan Indonesia Raya,960959,KPU 1050 Tahun 2024 Lampiran II,https://jdih.kpu.go.id/data/data_kepkpu/2024kpt1050_L2.pdf
Sulawesi Tenggara,2,Partai Gerakan Indonesia Raya,233478,16.0099,1,1458333,Partai Gerakan Indonesia Raya,233478,KPU 1050 Tahun 2024 Lampiran II,https://jdih.kpu.go.id/data/data_kepkpu/2024kpt1050_L2.pdf
Sulawesi Tenggara,5,Partai NasDem,207276,14.2132,2,1458333,Partai Gerakan Indonesia Raya,233478,KPU 1050 Tahun 2024 Lampiran II,https://jdih.kpu.go.id/data/data_kepkpu/2024kpt1050_L2.pdf
Sulawesi Tenggara,3,Partai Demokrasi Indonesia Perjuangan,175830,12.0569,3,1458333,Partai Gerakan Indonesia Raya,233478,KPU 1050 Tahun 2024 Lampiran II,https://jdih.kpu.go.id/data/data_kepkpu/2024kpt1050_L2.pdf
Sulawesi Tenggara,14,Partai Demokrat,159282,10.9222,4,1458333,Partai Gerakan Indonesia Raya,233478,KPU 1050 Tahun 2024 Lampiran II,https://jdih.kpu.go.id/data/data_kepkpu/2024kpt1050_L2.pdf
Sulawesi Tenggara,4,Partai Golongan Karya,149788,10.2712,5,1458333,Partai Gerakan Indonesia Raya,233478,KPU 1050 Tahun 2024 Lampiran II,https://jdih.kpu.go.id/data/data_kepkpu/2024kpt1050_L2.pdf
Sulawesi Tenggara,1,Partai Kebangkitan Bangsa,147175,10.092,6,1458333,Partai Gerakan Indonesia Raya,233478,KPU 1050 Tahun 2024 Lampiran II,https://jdih.kpu.go.id/data/data_kepkpu/2024kpt1050_L2.pdf
Sulawesi Tenggara,17,Partai Persatuan Pembangunan,118350,8.1154,7,1458333,Partai Gerakan Indonesia Raya,233478,KPU 1050 Tahun 2024 Lampiran II,https://jdih.kpu.go.id/data/data_kepkpu/2024kpt1050_L2.pdf
Sulawesi Tenggara,12,Partai Amanat Nasional,110211,7.5573,8,1458333,Partai Gerakan Indonesia Raya,233478,KPU 1050 Tahun 2024 Lampiran II,https://jdih.kpu.go.id/data/data_kepkpu/2024kpt1050_L2.pdf
Sulawesi Tenggara,8,Partai Keadilan Sejahtera,63092,4.3263,9,1458333,Partai Gerakan Indonesia Raya,233478,KPU 1050 Tahun 2024 Lampiran II,https://jdih.kpu.go.id/data/data_kepkpu/2024kpt1050_L2.pdf
Sulawesi Tenggara,7,Partai Gelombang Rakyat Indonesia,20942,1.436,10,1458333,Partai Gerakan Indonesia Raya,233478,KPU 1050 Tahun 2024 Lampiran II,https://jdih.kpu.go.id/data/data_kepkpu/2024kpt1050_L2.pdf
Sulawesi Tenggara,13,Partai Bulan Bintang,19723,1.3524,11,1458333,Partai Gerakan Indonesia Raya,233478,KPU 1050 Tahun 2024 Lampiran II,https://jdih.kpu.go.id/data/data_kepkpu/2024kpt1050_L2.pdf
Sulawesi Tenggara,10,Partai Hati Nurani Rakyat,17140,1.1753,12,1458333,Partai Gerakan Indonesia Raya,233478,KPU 1050 Tahun 2024 Lampiran II,https://jdih.kpu.go.id/data/data_kepkpu/2024kpt1050_L2.pdf
Sulawesi Tenggara,6,Partai Buruh,7402,0.5076,13,1458333,Partai Gerakan Indonesia Raya,233478,KPU 1050 Tahun 2024 Lampiran II,https://jdih.kpu.go.id/data/data_kepkpu/2024kpt1050_L2.pdf
Sulawesi Tenggara,9,Partai Kebangkitan Nusantara,7380,0.5061,14,1458333,Partai Gerakan Indonesia Raya,233478,KPU 1050 Tahun 2024 Lampiran II,https://jdih.kpu.go.id/data/data_kepkpu/2024kpt1050_L2.pdf
Sulawesi Tenggara,15,Partai Solidaritas Indonesia,7274,0.4988,15,1458333,Partai Gerakan Indonesia Raya,233478,KPU 1050 Tahun 2024 Lampiran II,https://jdih.kpu.go.id/data/data_kepkpu/2024kpt1050_L2.pdf
Sulawesi Tenggara,16,Partai PERINDO,6006,0.4118,16,1458333,Partai Gerakan Indonesia Raya,233478,KPU 1050 Tahun 2024 Lampiran II,https://jdih.kpu.go.id/data/data_kepkpu/2024kpt1050_L2.pdf
Sulawesi Tenggara,11,Partai Garda Republik Indonesia,4850,0.3326,17,1458333,Partai Gerakan Indonesia Raya,233478,KPU 1050 Tahun 2024 Lampiran II,https://jdih.kpu.go.id/data/data_kepkpu/2024kpt1050_L2.pdf
Sulawesi Tenggara,24,Partai Ummat,3134,0.2149,18,1458333,Partai Gerakan Indonesia Raya,233478,KPU 1050 Tahun 2024 Lampiran II,https://jdih.kpu.go.id/data/data_kepkpu/2024kpt1050_L2.pdf
Gorontalo,5,Partai NasDem,227533,30.6738,1,741783,Partai NasDem,227533,KPU 1050 Tahun 2024 Lampiran II,https://jdih.kpu.go.id/data/data_kepkpu/2024kpt1050_L2.pdf
Gorontalo,4,Partai Golongan Karya,163074,21.9841,2,741783,Partai NasDem,227533,KPU 1050 Tahun 2024 Lampiran II,https://jdih.kpu.go.id/data/data_kepkpu/2024kpt1050_L2.pdf
Gorontalo,2,Partai Gerakan Indonesia Raya,145152,19.568,3,741783,Partai NasDem,227533,KPU 1050 Tahun 2024 Lampiran II,https://jdih.kpu.go.id/data/data_kepkpu/2024kpt1050_L2.pdf
Gorontalo,17,Partai Persatuan Pembangunan,70720,9.5338,4,741783,Partai NasDem,227533,KPU 1050 Tahun 2024 Lampiran II,https://jdih.kpu.go.id/data/data_kepkpu/2024kpt1050_L2.pdf
Gorontalo,3,Partai Demokrasi Indonesia Perjuangan,46225,6.2316,5,741783,Partai NasDem,227533,KPU 1050 Tahun 2024 Lampiran II,https://jdih.kpu.go.id/data/data_kepkpu/2024kpt1050_L2.pdf
Gorontalo,8,Partai Keadilan Sejahtera,17590,2.3713,6,741783,Partai NasDem,227533,KPU 1050 Tahun 2024 Lampiran II,https://jdih.kpu.go.id/data/data_kepkpu/2024kpt1050_L2.pdf
Gorontalo,12,Partai Amanat Nasional,15149,2.0422,7,741783,Partai NasDem,227533,KPU 1050 Tahun 2024 Lampiran II,https://jdih.kpu.go.id/data/data_kepkpu/2024kpt1050_L2.pdf
Gorontalo,1,Partai Kebangkitan Bangsa,14897,2.0083,8,741783,Partai NasDem,227533,KPU 1050 Tahun 2024 Lampiran II,https://jdih.kpu.go.id/data/data_kepkpu/2024kpt1050_L2.pdf
Gorontalo,14,Partai Demokrat,14090,1.8995,9,741783,Partai NasDem,227533,KPU 1050 Tahun 2024 Lampiran II,https://jdih.kpu.go.id/data/data_kepkpu/2024kpt1050_L2.pdf
Gorontalo,10,Partai Hati Nurani Rakyat,5984,0.8067,10,741783,Partai NasDem,227533,KPU 1050 Tahun 2024 Lampiran II,https://jdih.kpu.go.id/data/data_kepkpu/2024kpt1050_L2.pdf
Gorontalo,16,Partai PERINDO,5843,0.7877,11,741783,Partai NasDem,227533,KPU 1050 Tahun 2024 Lampiran II,https://jdih.kpu.go.id/data/data_kepkpu/2024kpt1050_L2.pdf
Gorontalo,7,Partai Gelombang Rakyat Indonesia,5348,0.721,12,741783,Partai NasDem,227533,KPU 1050 Tahun 2024 Lampiran II,https://jdih.kpu.go.id/data/data_kepkpu/2024kpt1050_L2.pdf
Gorontalo,15,Partai Solidaritas Indonesia,2469,0.3328,13,741783,Partai NasDem,227533,KPU 1050 Tahun 2024 Lampiran II,https://jdih.kpu.go.id/data/data_kepkpu/2024kpt1050_L2.pdf
Gorontalo,6,Partai Buruh,2447,0.3299,14,741783,Partai NasDem,227533,KPU 1050 Tahun 2024 Lampiran II,https://jdih.kpu.go.id/data/data_kepkpu/2024kpt1050_L2.pdf
Gorontalo,11,Partai Garda Republik Indonesia,1663,0.2242,15,741783,Partai NasDem,227533,KPU 1050 Tahun 2024 Lampiran II,https://jdih.kpu.go.id/data/data_kepkpu/2024kpt1050_L2.pdf
Gorontalo,13,Partai Bulan Bintang,1552,0.2092,16,741783,Partai NasDem,227533,KPU 1050 Tahun 2024 Lampiran II,https://jdih.kpu.go.id/data/data_kepkpu/2024kpt1050_L2.pdf
Gorontalo,24,Partai Ummat,1077,0.1452,17,741783,Partai NasDem,227533,KPU 1050 Tahun 2024 Lampiran II,https://jdih.kpu.go.id/data/data_kepkpu/2024kpt1050_L2.pdf
Gorontalo,9,Partai Kebangkitan Nusantara,970,0.1308,18,741783,Partai NasDem,227533,KPU 1050 Tahun 2024 Lampiran II,https://jdih.kpu.go.id/data/data_kepkpu/2024kpt1050_L2.pdf
Sulawesi Barat,5,Partai NasDem,142496,18.1466,1,785247,Partai NasDem,142496,KPU 1050 Tahun 2024 Lampiran II,https://jdih.kpu.go.id/data/data_kepkpu/2024kpt1050_L2.pdf
Sulawesi Barat,3,Partai Demokrasi Indonesia Perjuangan,132714,16.9009,2,785247,Partai NasDem,142496,KPU 1050 Tahun 2024 Lampiran II,https://jdih.kpu.go.id/data/data_kepkpu/2024kpt1050_L2.pdf
Sulawesi Barat,14,Partai Demokrat,104369,13.2912,3,785247,Partai NasDem,142496,KPU 1050 Tahun 2024 Lampiran II,https://jdih.kpu.go.id/data/data_kepkpu/2024kpt1050_L2.pdf
Sulawesi Barat,12,Partai Amanat Nasional,101646,12.9445,4,785247,Partai NasDem,142496,KPU 1050 Tahun 2024 Lampiran II,https://jdih.kpu.go.id/data/data_kepkpu/2024kpt1050_L2.pdf
Sulawesi Barat,4,Partai Golongan Karya,99793,12.7085,5,785247,Partai NasDem,142496,KPU 1050 Tahun 2024 Lampiran II,https://jdih.kpu.go.id/data/data_kepkpu/2024kpt1050_L2.pdf
Sulawesi Barat,2,Partai Gerakan Indonesia Raya,76133,9.6954,6,785247,Partai NasDem,142496,KPU 1050 Tahun 2024 Lampiran II,https://jdih.kpu.go.id/data/data_kepkpu/2024kpt1050_L2.pdf
Sulawesi Barat,1,Partai Kebangkitan Bangsa,50561,6.4389,7,785247,Partai NasDem,142496,KPU 1050 Tahun 2024 Lampiran II,https://jdih.kpu.go.id/data/data_kepkpu/2024kpt1050_L2.pdf
Sulawesi Barat,8,Partai Keadilan Sejahtera,22460,2.8602,8,785247,Partai NasDem,142496,KPU 1050 Tahun 2024 Lampiran II,https://jdih.kpu.go.id/data/data_kepkpu/2024kpt1050_L2.pdf
Sulawesi Barat,16,Partai PERINDO,15003,1.9106,9,785247,Partai NasDem,142496,KPU 1050 Tahun 2024 Lampiran II,https://jdih.kpu.go.id/data/data_kepkpu/2024kpt1050_L2.pdf
Sulawesi Barat,17,Partai Persatuan Pembangunan,13083,1.6661,10,785247,Partai NasDem,142496,KPU 1050 Tahun 2024 Lampiran II,https://jdih.kpu.go.id/data/data_kepkpu/2024kpt1050_L2.pdf
Sulawesi Barat,7,Partai Gelombang Rakyat Indonesia,9260,1.1792,11,785247,Partai NasDem,142496,KPU 1050 Tahun 2024 Lampiran II,https://jdih.kpu.go.id/data/data_kepkpu/2024kpt1050_L2.pdf
Sulawesi Barat,10,Partai Hati Nurani Rakyat,5966,0.7598,12,785247,Partai NasDem,142496,KPU 1050 Tahun 2024 Lampiran II,https://jdih.kpu.go.id/data/data_kepkpu/2024kpt1050_L2.pdf
Sulawesi Barat,15,Partai Solidaritas Indonesia,3328,0.4238,13,785247,Partai NasDem,142496,KPU 1050 Tahun 2024 Lampiran II,https://jdih.kpu.go.id/data/data_kepkpu/2024kpt1050_L2.pdf
Sulawesi Barat,6,Partai Buruh,2730,0.3477,14,785247,Partai NasDem,142496,KPU 1050 Tahun 2024 Lampiran II,https://jdih.kpu.go.id/data/data_kepkpu/2024kpt1050_L2.pdf
Sulawesi Barat,11,Partai Garda Republik Indonesia,2168,0.2761,15,785247,Partai NasDem,142496,KPU 1050 Tahun 2024 Lampiran II,https://jdih.kpu.go.id/data/data_kepkpu/2024kpt1050_L2.pdf
Sulawesi Barat,9,Partai Kebangkitan Nusantara,1377,0.1754,16,785247,Partai NasDem,142496,KPU 1050 Tahun 2024 Lampiran II,https://jdih.kpu.go.id/data/data_kepkpu/2024kpt1050_L2.pdf
Sulawesi Barat,13,Partai Bulan Bintang,1365,0.1738,17,785247,Partai NasDem,142496,KPU 1050 Tahun 2024 Lampiran II,https://jdih.kpu.go.id/data/data_kepkpu/2024kpt1050_L2.pdf
Sulawesi Barat,24,Partai Ummat,795,0.1012,18,785247,Partai NasDem,142496,KPU 1050 Tahun 2024 Lampiran II,https://jdih.kpu.go.id/data/data_kepkpu/2024kpt1050_L2.pdf
Maluku,12,Partai Amanat Nasional,178770,17.1867,1,1040166,Partai Amanat Nasional,178770,KPU 1050 Tahun 2024 Lampiran II,https://jdih.kpu.go.id/data/data_kepkpu/2024kpt1050_L2.pdf
Maluku,8,Partai Keadilan Sejahtera,146716,14.1051,2,1040166,Partai Amanat Nasional,178770,KPU 1050 Tahun 2024 Lampiran II,https://jdih.kpu.go.id/data/data_kepkpu/2024kpt1050_L2.pdf
Maluku,3,Partai Demokrasi Indonesia Perjuangan,145777,14.0148,3,1040166,Partai Amanat Nasional,178770,KPU 1050 Tahun 2024 Lampiran II,https://jdih.kpu.go.id/data/data_kepkpu/2024kpt1050_L2.pdf
Maluku,2,Partai Gerakan Indonesia Raya,136989,13.1699,4,1040166,Partai Amanat Nasional,178770,KPU 1050 Tahun 2024 Lampiran II,https://jdih.kpu.go.id/data/data_kepkpu/2024kpt1050_L2.pdf
Maluku,5,Partai NasDem,91835,8.8289,5,1040166,Partai Amanat Nasional,178770,KPU 1050 Tahun 2024 Lampiran II,https://jdih.kpu.go.id/data/data_kepkpu/2024kpt1050_L2.pdf
Maluku,4,Partai Golongan Karya,87508,8.4129,6,1040166,Partai Amanat Nasional,178770,KPU 1050 Tahun 2024 Lampiran II,https://jdih.kpu.go.id/data/data_kepkpu/2024kpt1050_L2.pdf
Maluku,14,Partai Demokrat,70184,6.7474,7,1040166,Partai Amanat Nasional,178770,KPU 1050 Tahun 2024 Lampiran II,https://jdih.kpu.go.id/data/data_kepkpu/2024kpt1050_L2.pdf
Maluku,1,Partai Kebangkitan Bangsa,53963,5.1879,8,1040166,Partai Amanat Nasional,178770,KPU 1050 Tahun 2024 Lampiran II,https://jdih.kpu.go.id/data/data_kepkpu/2024kpt1050_L2.pdf
Maluku,16,Partai PERINDO,25690,2.4698,9,1040166,Partai Amanat Nasional,178770,KPU 1050 Tahun 2024 Lampiran II,https://jdih.kpu.go.id/data/data_kepkpu/2024kpt1050_L2.pdf
Maluku,17,Partai Persatuan Pembangunan,22322,2.146,10,1040166,Partai Amanat Nasional,178770,KPU 1050 Tahun 2024 Lampiran II,https://jdih.kpu.go.id/data/data_kepkpu/2024kpt1050_L2.pdf
Maluku,15,Partai Solidaritas Indonesia,20904,2.0097,11,1040166,Partai Amanat Nasional,178770,KPU 1050 Tahun 2024 Lampiran II,https://jdih.kpu.go.id/data/data_kepkpu/2024kpt1050_L2.pdf
Maluku,10,Partai Hati Nurani Rakyat,14325,1.3772,12,1040166,Partai Amanat Nasional,178770,KPU 1050 Tahun 2024 Lampiran II,https://jdih.kpu.go.id/data/data_kepkpu/2024kpt1050_L2.pdf
Maluku,7,Partai Gelombang Rakyat Indonesia,13391,1.2874,13,1040166,Partai Amanat Nasional,178770,KPU 1050 Tahun 2024 Lampiran II,https://jdih.kpu.go.id/data/data_kepkpu/2024kpt1050_L2.pdf
Maluku,9,Partai Kebangkitan Nusantara,11111,1.0682,14,1040166,Partai Amanat Nasional,178770,KPU 1050 Tahun 2024 Lampiran II,https://jdih.kpu.go.id/data/data_kepkpu/2024kpt1050_L2.pdf
Maluku,6,Partai Buruh,8616,0.8283,15,1040166,Partai Amanat Nasional,178770,KPU 1050 Tahun 2024 Lampiran II,https://jdih.kpu.go.id/data/data_kepkpu/2024kpt1050_L2.pdf
Maluku,13,Partai Bulan Bintang,6193,0.5954,16,1040166,Partai Amanat Nasional,178770,KPU 1050 Tahun 2024 Lampiran II,https://jdih.kpu.go.id/data/data_kepkpu/2024kpt1050_L2.pdf
Maluku,11,Partai Garda Republik Indonesia,4514,0.434,17,1040166,Partai Amanat Nasional,178770,KPU 1050 Tahun 2024 Lampiran II,https://jdih.kpu.go.id/data/data_kepkpu/2024kpt1050_L2.pdf
Maluku,24,Partai Ummat,1358,0.1306,18,1040166,Partai Amanat Nasional,178770,KPU 1050 Tahun 2024 Lampiran II,https://jdih.kpu.go.id/data/data_kepkpu/2024kpt1050_L2.pdf
Maluku Utara,3,Partai Demokrasi Indonesia Perjuangan,146937,21.012,1,699302,Partai Demokrasi Indonesia Perjuangan,146937,KPU 1050 Tahun 2024 Lampiran II,https://jdih.kpu.go.id/data/data_kepkpu/2024kpt1050_L2.pdf
Maluku Utara,4,Partai Golongan Karya,128475,18.3719,2,699302,Partai Demokrasi Indonesia Perjuangan,146937,KPU 1050 Tahun 2024 Lampiran II,https://jdih.kpu.go.id/data/data_kepkpu/2024kpt1050_L2.pdf
Maluku Utara,8,Partai Keadilan Sejahtera,70736,10.1152,3,699302,Partai Demokrasi Indonesia Perjuangan,146937,KPU 1050 Tahun 2024 Lampiran II,https://jdih.kpu.go.id/data/data_kepkpu/2024kpt1050_L2.pdf
Maluku Utara,2,Partai Gerakan Indonesia Raya,64089,9.1647,4,699302,Partai Demokrasi Indonesia Perjuangan,146937,KPU 1050 Tahun 2024 Lampiran II,https://jdih.kpu.go.id/data/data_kepkpu/2024kpt1050_L2.pdf
Maluku Utara,12,Partai Amanat Nasional,62457,8.9313,5,699302,Partai Demokrasi Indonesia Perjuangan,146937,KPU 1050 Tahun 2024 Lampiran II,https://jdih.kpu.go.id/data/data_kepkpu/2024kpt1050_L2.pdf
Maluku Utara,1,Partai Kebangkitan Bangsa,58175,8.319,6,699302,Partai Demokrasi Indonesia Perjuangan,146937,KPU 1050 Tahun 2024 Lampiran II,https://jdih.kpu.go.id/data/data_kepkpu/2024kpt1050_L2.pdf
Maluku Utara,5,Partai NasDem,56105,8.023,7,699302,Partai Demokrasi Indonesia Perjuangan,146937,KPU 1050 Tahun 2024 Lampiran II,https://jdih.kpu.go.id/data/data_kepkpu/2024kpt1050_L2.pdf
Maluku Utara,14,Partai Demokrat,34575,4.9442,8,699302,Partai Demokrasi Indonesia Perjuangan,146937,KPU 1050 Tahun 2024 Lampiran II,https://jdih.kpu.go.id/data/data_kepkpu/2024kpt1050_L2.pdf
Maluku Utara,16,Partai PERINDO,18311,2.6185,9,699302,Partai Demokrasi Indonesia Perjuangan,146937,KPU 1050 Tahun 2024 Lampiran II,https://jdih.kpu.go.id/data/data_kepkpu/2024kpt1050_L2.pdf
Maluku Utara,10,Partai Hati Nurani Rakyat,10914,1.5607,10,699302,Partai Demokrasi Indonesia Perjuangan,146937,KPU 1050 Tahun 2024 Lampiran II,https://jdih.kpu.go.id/data/data_kepkpu/2024kpt1050_L2.pdf
Maluku Utara,7,Partai Gelombang Rakyat Indonesia,8859,1.2668,11,699302,Partai Demokrasi Indonesia Perjuangan,146937,KPU 1050 Tahun 2024 Lampiran II,https://jdih.kpu.go.id/data/data_kepkpu/2024kpt1050_L2.pdf
Maluku Utara,17,Partai Persatuan Pembangunan,8395,1.2005,12,699302,Partai Demokrasi Indonesia Perjuangan,146937,KPU 1050 Tahun 2024 Lampiran II,https://jdih.kpu.go.id/data/data_kepkpu/2024kpt1050_L2.pdf
Maluku Utara,13,Partai Bulan Bintang,6777,0.9691,13,699302,Partai Demokrasi Indonesia Perjuangan,146937,KPU 1050 Tahun 2024 Lampiran II,https://jdih.kpu.go.id/data/data_kepkpu/2024kpt1050_L2.pdf
Maluku Utara,6,Partai Buruh,6574,0.9401,14,699302,Partai Demokrasi Indonesia Perjuangan,146937,KPU 1050 Tahun 2024 Lampiran II,https://jdih.kpu.go.id/data/data_kepkpu/2024kpt1050_L2.pdf
Maluku Utara,15,Partai Solidaritas Indonesia,5929,0.8478,15,699302,Partai Demokrasi Indonesia Perjuangan,146937,KPU 1050 Tahun 2024 Lampiran II,https://jdih.kpu.go.id/data/data_kepkpu/2024kpt1050_L2.pdf
Maluku Utara,11,Partai Garda Republik Indonesia,5594,0.7999,16,699302,Partai Demokrasi Indonesia Perjuangan,146937,KPU 1050 Tahun 2024 Lampiran II,https://jdih.kpu.go.id/data/data_kepkpu/2024kpt1050_L2.pdf
Maluku Utara,9,Partai Kebangkitan Nusantara,3894,0.5568,17,699302,Partai Demokrasi Indonesia Perjuangan,146937,KPU 1050 Tahun 2024 Lampiran II,https://jdih.kpu.go.id/data/data_kepkpu/2024kpt1050_L2.pdf
Maluku Utara,24,Partai Ummat,2506,0.3584,18,699302,Partai Demokrasi Indonesia Perjuangan,146937,KPU 1050 Tahun 2024 Lampiran II,https://jdih.kpu.go.id/data/data_kepkpu/2024kpt1050_L2.pdf
Papua,3,Partai Demokrasi Indonesia Perjuangan,154548,23.4547,1,658922,Partai Demokrasi Indonesia Perjuangan,154548,KPU 1050 Tahun 2024 Lampiran II,https://jdih.kpu.go.id/data/data_kepkpu/2024kpt1050_L2.pdf
Papua,2,Partai Gerakan Indonesia Raya,110961,16.8398,2,658922,Partai Demokrasi Indonesia Perjuangan,154548,KPU 1050 Tahun 2024 Lampiran II,https://jdih.kpu.go.id/data/data_kepkpu/2024kpt1050_L2.pdf
Papua,5,Partai NasDem,99418,15.088,3,658922,Partai Demokrasi Indonesia Perjuangan,154548,KPU 1050 Tahun 2024 Lampiran II,https://jdih.kpu.go.id/data/data_kepkpu/2024kpt1050_L2.pdf
Papua,4,Partai Golongan Karya,71845,10.9034,4,658922,Partai Demokrasi Indonesia Perjuangan,154548,KPU 1050 Tahun 2024 Lampiran II,https://jdih.kpu.go.id/data/data_kepkpu/2024kpt1050_L2.pdf
Papua,14,Partai Demokrat,42346,6.4266,5,658922,Partai Demokrasi Indonesia Perjuangan,154548,KPU 1050 Tahun 2024 Lampiran II,https://jdih.kpu.go.id/data/data_kepkpu/2024kpt1050_L2.pdf
Papua,12,Partai Amanat Nasional,41911,6.3605,6,658922,Partai Demokrasi Indonesia Perjuangan,154548,KPU 1050 Tahun 2024 Lampiran II,https://jdih.kpu.go.id/data/data_kepkpu/2024kpt1050_L2.pdf
Papua,8,Partai Keadilan Sejahtera,27887,4.2322,7,658922,Partai Demokrasi Indonesia Perjuangan,154548,KPU 1050 Tahun 2024 Lampiran II,https://jdih.kpu.go.id/data/data_kepkpu/2024kpt1050_L2.pdf
Papua,10,Partai Hati Nurani Rakyat,25718,3.903,8,658922,Partai Demokrasi Indonesia Perjuangan,154548,KPU 1050 Tahun 2024 Lampiran II,https://jdih.kpu.go.id/data/data_kepkpu/2024kpt1050_L2.pdf
Papua,15,Partai Solidaritas Indonesia,21789,3.3068,9,658922,Partai Demokrasi Indonesia Perjuangan,154548,KPU 1050 Tahun 2024 Lampiran II,https://jdih.kpu.go.id/data/data_kepkpu/2024kpt1050_L2.pdf
Papua,16,Partai PERINDO,12836,1.948,10,658922,Partai Demokrasi Indonesia Perjuangan,154548,KPU 1050 Tahun 2024 Lampiran II,https://jdih.kpu.go.id/data/data_kepkpu/2024kpt1050_L2.pdf
Papua,1,Partai Kebangkitan Bangsa,11149,1.692,11,658922,Partai Demokrasi Indonesia Perjuangan,154548,KPU 1050 Tahun 2024 Lampiran II,https://jdih.kpu.go.id/data/data_kepkpu/2024kpt1050_L2.pdf
Papua,7,Partai Gelombang Rakyat Indonesia,9292,1.4102,12,658922,Partai Demokrasi Indonesia Perjuangan,154548,KPU 1050 Tahun 2024 Lampiran II,https://jdih.kpu.go.id/data/data_kepkpu/2024kpt1050_L2.pdf
Papua,17,Partai Persatuan Pembangunan,8029,1.2185,13,658922,Partai Demokrasi Indonesia Perjuangan,154548,KPU 1050 Tahun 2024 Lampiran II,https://jdih.kpu.go.id/data/data_kepkpu/2024kpt1050_L2.pdf
Papua,6,Partai Buruh,5468,0.8298,14,658922,Partai Demokrasi Indonesia Perjuangan,154548,KPU 1050 Tahun 2024 Lampiran II,https://jdih.kpu.go.id/data/data_kepkpu/2024kpt1050_L2.pdf
Papua,9,Partai Kebangkitan Nusantara,5237,0.7948,15,658922,Partai Demokrasi Indonesia Perjuangan,154548,KPU 1050 Tahun 2024 Lampiran II,https://jdih.kpu.go.id/data/data_kepkpu/2024kpt1050_L2.pdf
Papua,11,Partai Garda Republik Indonesia,4289,0.6509,16,658922,Partai Demokrasi Indonesia Perjuangan,154548,KPU 1050 Tahun 2024 Lampiran II,https://jdih.kpu.go.id/data/data_kepkpu/2024kpt1050_L2.pdf
Papua,13,Partai Bulan Bintang,3133,0.4755,17,658922,Partai Demokrasi Indonesia Perjuangan,154548,KPU 1050 Tahun 2024 Lampiran II,https://jdih.kpu.go.id/data/data_kepkpu/2024kpt1050_L2.pdf
Papua,24,Partai Ummat,3066,0.4653,18,658922,Partai Demokrasi Indonesia Perjuangan,154548,KPU 1050 Tahun 2024 Lampiran II,https://jdih.kpu.go.id/data/data_kepkpu/2024kpt1050_L2.pdf
Papua Barat,4,Partai Golongan Karya,95883,29.864,1,321066,Partai Golongan Karya,95883,KPU 1050 Tahun 2024 Lampiran II,https://jdih.kpu.go.id/data/data_kepkpu/2024kpt1050_L2.pdf
Papua Barat,5,Partai NasDem,52964,16.4963,2,321066,Partai Golongan Karya,95883,KPU 1050 Tahun 2024 Lampiran II,https://jdih.kpu.go.id/data/data_kepkpu/2024kpt1050_L2.pdf
Papua Barat,3,Partai Demokrasi Indonesia Perjuangan,43951,13.6891,3,321066,Partai Golongan Karya,95883,KPU 1050 Tahun 2024 Lampiran II,https://jdih.kpu.go.id/data/data_kepkpu/2024kpt1050_L2.pdf
Papua Barat,1,Partai Kebangkitan Bangsa,32041,9.9796,4,321066,Partai Golongan Karya,95883,KPU 1050 Tahun 2024 Lampiran II,https://jdih.kpu.go.id/data/data_kepkpu/2024kpt1050_L2.pdf
Papua Barat,2,Partai Gerakan Indonesia Raya,27411,8.5375,5,321066,Partai Golongan Karya,95883,KPU 1050 Tahun 2024 Lampiran II,https://jdih.kpu.go.id/data/data_kepkpu/2024kpt1050_L2.pdf
Papua Barat,8,Partai Keadilan Sejahtera,19729,6.1448,6,321066,Partai Golongan Karya,95883,KPU 1050 Tahun 2024 Lampiran II,https://jdih.kpu.go.id/data/data_kepkpu/2024kpt1050_L2.pdf
Papua Barat,14,Partai Demokrat,13212,4.115,7,321066,Partai Golongan Karya,95883,KPU 1050 Tahun 2024 Lampiran II,https://jdih.kpu.go.id/data/data_kepkpu/2024kpt1050_L2.pdf
Papua Barat,12,Partai Amanat Nasional,8747,2.7244,8,321066,Partai Golongan Karya,95883,KPU 1050 Tahun 2024 Lampiran II,https://jdih.kpu.go.id/data/data_kepkpu/2024kpt1050_L2.pdf
Papua Barat,15,Partai Solidaritas Indonesia,5192,1.6171,9,321066,Partai Golongan Karya,95883,KPU 1050 Tahun 2024 Lampiran II,https://jdih.kpu.go.id/data/data_kepkpu/2024kpt1050_L2.pdf
Papua Barat,17,Partai Persatuan Pembangunan,4191,1.3053,10,321066,Partai Golongan Karya,95883,KPU 1050 Tahun 2024 Lampiran II,https://jdih.kpu.go.id/data/data_kepkpu/2024kpt1050_L2.pdf
Papua Barat,16,Partai PERINDO,3718,1.158,11,321066,Partai Golongan Karya,95883,KPU 1050 Tahun 2024 Lampiran II,https://jdih.kpu.go.id/data/data_kepkpu/2024kpt1050_L2.pdf
Papua Barat,10,Partai Hati Nurani Rakyat,3369,1.0493,12,321066,Partai Golongan Karya,95883,KPU 1050 Tahun 2024 Lampiran II,https://jdih.kpu.go.id/data/data_kepkpu/2024kpt1050_L2.pdf
Papua Barat,7,Partai Gelombang Rakyat Indonesia,2764,0.8609,13,321066,Partai Golongan Karya,95883,KPU 1050 Tahun 2024 Lampiran II,https://jdih.kpu.go.id/data/data_kepkpu/2024kpt1050_L2.pdf
Papua Barat,6,Partai Buruh,2046,0.6373,14,321066,Partai Golongan Karya,95883,KPU 1050 Tahun 2024 Lampiran II,https://jdih.kpu.go.id/data/data_kepkpu/2024kpt1050_L2.pdf
Papua Barat,24,Partai Ummat,1962,0.6111,15,321066,Partai Golongan Karya,95883,KPU 1050 Tahun 2024 Lampiran II,https://jdih.kpu.go.id/data/data_kepkpu/2024kpt1050_L2.pdf
Papua Barat,9,Partai Kebangkitan Nusantara,1545,0.4812,16,321066,Partai Golongan Karya,95883,KPU 1050 Tahun 2024 Lampiran II,https://jdih.kpu.go.id/data/data_kepkpu/2024kpt1050_L2.pdf
Papua Barat,11,Partai Garda Republik Indonesia,1456,0.4535,17,321066,Partai Golongan Karya,95883,KPU 1050 Tahun 2024 Lampiran II,https://jdih.kpu.go.id/data/data_kepkpu/2024kpt1050_L2.pdf
Papua Barat,13,Partai Bulan Bintang,885,0.2756,18,321066,Partai Golongan Karya,95883,KPU 1050 Tahun 2024 Lampiran II,https://jdih.kpu.go.id/data/data_kepkpu/2024kpt1050_L2.pdf
Papua Selatan,3,Partai Demokrasi Indonesia Perjuangan,54416,17.9363,1,303385,Partai Demokrasi Indonesia Perjuangan,54416,KPU 1050 Tahun 2024 Lampiran II,https://jdih.kpu.go.id/data/data_kepkpu/2024kpt1050_L2.pdf
Papua Selatan,5,Partai NasDem,50241,16.5601,2,303385,Partai Demokrasi Indonesia Perjuangan,54416,KPU 1050 Tahun 2024 Lampiran II,https://jdih.kpu.go.id/data/data_kepkpu/2024kpt1050_L2.pdf
Papua Selatan,1,Partai Kebangkitan Bangsa,42490,14.0053,3,303385,Partai Demokrasi Indonesia Perjuangan,54416,KPU 1050 Tahun 2024 Lampiran II,https://jdih.kpu.go.id/data/data_kepkpu/2024kpt1050_L2.pdf
Papua Selatan,12,Partai Amanat Nasional,31576,10.4079,4,303385,Partai Demokrasi Indonesia Perjuangan,54416,KPU 1050 Tahun 2024 Lampiran II,https://jdih.kpu.go.id/data/data_kepkpu/2024kpt1050_L2.pdf
Papua Selatan,4,Partai Golongan Karya,30449,10.0364,5,303385,Partai Demokrasi Indonesia Perjuangan,54416,KPU 1050 Tahun 2024 Lampiran II,https://jdih.kpu.go.id/data/data_kepkpu/2024kpt1050_L2.pdf
Papua Selatan,2,Partai Gerakan Indonesia Raya,27454,9.0492,6,303385,Partai Demokrasi Indonesia Perjuangan,54416,KPU 1050 Tahun 2024 Lampiran II,https://jdih.kpu.go.id/data/data_kepkpu/2024kpt1050_L2.pdf
Papua Selatan,8,Partai Keadilan Sejahtera,27285,8.9935,7,303385,Partai Demokrasi Indonesia Perjuangan,54416,KPU 1050 Tahun 2024 Lampiran II,https://jdih.kpu.go.id/data/data_kepkpu/2024kpt1050_L2.pdf
Papua Selatan,17,Partai Persatuan Pembangunan,7343,2.4204,8,303385,Partai Demokrasi Indonesia Perjuangan,54416,KPU 1050 Tahun 2024 Lampiran II,https://jdih.kpu.go.id/data/data_kepkpu/2024kpt1050_L2.pdf
Papua Selatan,15,Partai Solidaritas Indonesia,5387,1.7756,9,303385,Partai Demokrasi Indonesia Perjuangan,54416,KPU 1050 Tahun 2024 Lampiran II,https://jdih.kpu.go.id/data/data_kepkpu/2024kpt1050_L2.pdf
Papua Selatan,10,Partai Hati Nurani Rakyat,5340,1.7601,10,303385,Partai Demokrasi Indonesia Perjuangan,54416,KPU 1050 Tahun 2024 Lampiran II,https://jdih.kpu.go.id/data/data_kepkpu/2024kpt1050_L2.pdf
Papua Selatan,14,Partai Demokrat,5311,1.7506,11,303385,Partai Demokrasi Indonesia Perjuangan,54416,KPU 1050 Tahun 2024 Lampiran II,https://jdih.kpu.go.id/data/data_kepkpu/2024kpt1050_L2.pdf
Papua Selatan,7,Partai Gelombang Rakyat Indonesia,4830,1.592,12,303385,Partai Demokrasi Indonesia Perjuangan,54416,KPU 1050 Tahun 2024 Lampiran II,https://jdih.kpu.go.id/data/data_kepkpu/2024kpt1050_L2.pdf
Papua Selatan,16,Partai PERINDO,4257,1.4032,13,303385,Partai Demokrasi Indonesia Perjuangan,54416,KPU 1050 Tahun 2024 Lampiran II,https://jdih.kpu.go.id/data/data_kepkpu/2024kpt1050_L2.pdf
Papua Selatan,6,Partai Buruh,1932,0.6368,14,303385,Partai Demokrasi Indonesia Perjuangan,54416,KPU 1050 Tahun 2024 Lampiran II,https://jdih.kpu.go.id/data/data_kepkpu/2024kpt1050_L2.pdf
Papua Selatan,11,Partai Garda Republik Indonesia,1826,0.6019,15,303385,Partai Demokrasi Indonesia Perjuangan,54416,KPU 1050 Tahun 2024 Lampiran II,https://jdih.kpu.go.id/data/data_kepkpu/2024kpt1050_L2.pdf
Papua Selatan,13,Partai Bulan Bintang,1587,0.5231,16,303385,Partai Demokrasi Indonesia Perjuangan,54416,KPU 1050 Tahun 2024 Lampiran II,https://jdih.kpu.go.id/data/data_kepkpu/2024kpt1050_L2.pdf
Papua Selatan,9,Partai Kebangkitan Nusantara,1019,0.3359,17,303385,Partai Demokrasi Indonesia Perjuangan,54416,KPU 1050 Tahun 2024 Lampiran II,https://jdih.kpu.go.id/data/data_kepkpu/2024kpt1050_L2.pdf
Papua Selatan,24,Partai Ummat,642,0.2116,18,303385,Partai Demokrasi Indonesia Perjuangan,54416,KPU 1050 Tahun 2024 Lampiran II,https://jdih.kpu.go.id/data/data_kepkpu/2024kpt1050_L2.pdf
Papua Tengah,3,Partai Demokrasi Indonesia Perjuangan,289738,25.716,1,1126683,Partai Demokrasi Indonesia Perjuangan,289738,KPU 1050 Tahun 2024 Lampiran II,https://jdih.kpu.go.id/data/data_kepkpu/2024kpt1050_L2.pdf
Papua Tengah,4,Partai Golongan Karya,256718,22.7853,2,1126683,Partai Demokrasi Indonesia Perjuangan,289738,KPU 1050 Tahun 2024 Lampiran II,https://jdih.kpu.go.id/data/data_kepkpu/2024kpt1050_L2.pdf
Papua Tengah,5,Partai NasDem,157978,14.0215,3,1126683,Partai Demokrasi Indonesia Perjuangan,289738,KPU 1050 Tahun 2024 Lampiran II,https://jdih.kpu.go.id/data/data_kepkpu/2024kpt1050_L2.pdf
Papua Tengah,12,Partai Amanat Nasional,119726,10.6264,4,1126683,Partai Demokrasi Indonesia Perjuangan,289738,KPU 1050 Tahun 2024 Lampiran II,https://jdih.kpu.go.id/data/data_kepkpu/2024kpt1050_L2.pdf
Papua Tengah,15,Partai Solidaritas Indonesia,90402,8.0237,5,1126683,Partai Demokrasi Indonesia Perjuangan,289738,KPU 1050 Tahun 2024 Lampiran II,https://jdih.kpu.go.id/data/data_kepkpu/2024kpt1050_L2.pdf
Papua Tengah,2,Partai Gerakan Indonesia Raya,50644,4.495,6,1126683,Partai Demokrasi Indonesia Perjuangan,289738,KPU 1050 Tahun 2024 Lampiran II,https://jdih.kpu.go.id/data/data_kepkpu/2024kpt1050_L2.pdf
Papua Tengah,17,Partai Persatuan Pembangunan,41570,3.6896,7,1126683,Partai Demokrasi Indonesia Perjuangan,289738,KPU 1050 Tahun 2024 Lampiran II,https://jdih.kpu.go.id/data/data_kepkpu/2024kpt1050_L2.pdf
Papua Tengah,8,Partai Keadilan Sejahtera,30158,2.6767,8,1126683,Partai Demokrasi Indonesia Perjuangan,289738,KPU 1050 Tahun 2024 Lampiran II,https://jdih.kpu.go.id/data/data_kepkpu/2024kpt1050_L2.pdf
Papua Tengah,1,Partai Kebangkitan Bangsa,24173,2.1455,9,1126683,Partai Demokrasi Indonesia Perjuangan,289738,KPU 1050 Tahun 2024 Lampiran II,https://jdih.kpu.go.id/data/data_kepkpu/2024kpt1050_L2.pdf
Papua Tengah,13,Partai Bulan Bintang,16978,1.5069,10,1126683,Partai Demokrasi Indonesia Perjuangan,289738,KPU 1050 Tahun 2024 Lampiran II,https://jdih.kpu.go.id/data/data_kepkpu/2024kpt1050_L2.pdf
Papua Tengah,6,Partai Buruh,11538,1.0241,11,1126683,Partai Demokrasi Indonesia Perjuangan,289738,KPU 1050 Tahun 2024 Lampiran II,https://jdih.kpu.go.id/data/data_kepkpu/2024kpt1050_L2.pdf
Papua Tengah,14,Partai Demokrat,7660,0.6799,12,1126683,Partai Demokrasi Indonesia Perjuangan,289738,KPU 1050 Tahun 2024 Lampiran II,https://jdih.kpu.go.id/data/data_kepkpu/2024kpt1050_L2.pdf
Papua Tengah,16,Partai PERINDO,6918,0.614,13,1126683,Partai Demokrasi Indonesia Perjuangan,289738,KPU 1050 Tahun 2024 Lampiran II,https://jdih.kpu.go.id/data/data_kepkpu/2024kpt1050_L2.pdf
Papua Tengah,9,Partai Kebangkitan Nusantara,6465,0.5738,14,1126683,Partai Demokrasi Indonesia Perjuangan,289738,KPU 1050 Tahun 2024 Lampiran II,https://jdih.kpu.go.id/data/data_kepkpu/2024kpt1050_L2.pdf
Papua Tengah,10,Partai Hati Nurani Rakyat,5152,0.4573,15,1126683,Partai Demokrasi Indonesia Perjuangan,289738,KPU 1050 Tahun 2024 Lampiran II,https://jdih.kpu.go.id/data/data_kepkpu/2024kpt1050_L2.pdf
Papua Tengah,24,Partai Ummat,4813,0.4272,16,1126683,Partai Demokrasi Indonesia Perjuangan,289738,KPU 1050 Tahun 2024 Lampiran II,https://jdih.kpu.go.id/data/data_kepkpu/2024kpt1050_L2.pdf
Papua Tengah,7,Partai Gelombang Rakyat Indonesia,3796,0.3369,17,1126683,Partai Demokrasi Indonesia Perjuangan,289738,KPU 1050 Tahun 2024 Lampiran II,https://jdih.kpu.go.id/data/data_kepkpu/2024kpt1050_L2.pdf
Papua Tengah,11,Partai Garda Republik Indonesia,2256,0.2002,18,1126683,Partai Demokrasi Indonesia Perjuangan,289738,KPU 1050 Tahun 2024 Lampiran II,https://jdih.kpu.go.id/data/data_kepkpu/2024kpt1050_L2.pdf
Papua Pegunungan,5,Partai NasDem,482364,36.9221,1,1306436,Partai NasDem,482364,KPU 1050 Tahun 2024 Lampiran II,https://jdih.kpu.go.id/data/data_kepkpu/2024kpt1050_L2.pdf
Papua Pegunungan,3,Partai Demokrasi Indonesia Perjuangan,202726,15.5175,2,1306436,Partai NasDem,482364,KPU 1050 Tahun 2024 Lampiran II,https://jdih.kpu.go.id/data/data_kepkpu/2024kpt1050_L2.pdf
Papua Pegunungan,12,Partai Amanat Nasional,189105,14.4749,3,1306436,Partai NasDem,482364,KPU 1050 Tahun 2024 Lampiran II,https://jdih.kpu.go.id/data/data_kepkpu/2024kpt1050_L2.pdf
Papua Pegunungan,8,Partai Keadilan Sejahtera,145353,11.1259,4,1306436,Partai NasDem,482364,KPU 1050 Tahun 2024 Lampiran II,https://jdih.kpu.go.id/data/data_kepkpu/2024kpt1050_L2.pdf
Papua Pegunungan,15,Partai Solidaritas Indonesia,96512,7.3874,5,1306436,Partai NasDem,482364,KPU 1050 Tahun 2024 Lampiran II,https://jdih.kpu.go.id/data/data_kepkpu/2024kpt1050_L2.pdf
Papua Pegunungan,14,Partai Demokrat,90227,6.9063,6,1306436,Partai NasDem,482364,KPU 1050 Tahun 2024 Lampiran II,https://jdih.kpu.go.id/data/data_kepkpu/2024kpt1050_L2.pdf
Papua Pegunungan,1,Partai Kebangkitan Bangsa,47981,3.6727,7,1306436,Partai NasDem,482364,KPU 1050 Tahun 2024 Lampiran II,https://jdih.kpu.go.id/data/data_kepkpu/2024kpt1050_L2.pdf
Papua Pegunungan,9,Partai Kebangkitan Nusantara,21505,1.6461,8,1306436,Partai NasDem,482364,KPU 1050 Tahun 2024 Lampiran II,https://jdih.kpu.go.id/data/data_kepkpu/2024kpt1050_L2.pdf
Papua Pegunungan,4,Partai Golongan Karya,9866,0.7552,9,1306436,Partai NasDem,482364,KPU 1050 Tahun 2024 Lampiran II,https://jdih.kpu.go.id/data/data_kepkpu/2024kpt1050_L2.pdf
Papua Pegunungan,11,Partai Garda Republik Indonesia,7118,0.5448,10,1306436,Partai NasDem,482364,KPU 1050 Tahun 2024 Lampiran II,https://jdih.kpu.go.id/data/data_kepkpu/2024kpt1050_L2.pdf
Papua Pegunungan,17,Partai Persatuan Pembangunan,6750,0.5167,11,1306436,Partai NasDem,482364,KPU 1050 Tahun 2024 Lampiran II,https://jdih.kpu.go.id/data/data_kepkpu/2024kpt1050_L2.pdf
Papua Pegunungan,16,Partai PERINDO,2746,0.2102,12,1306436,Partai NasDem,482364,KPU 1050 Tahun 2024 Lampiran II,https://jdih.kpu.go.id/data/data_kepkpu/2024kpt1050_L2.pdf
Papua Pegunungan,10,Partai Hati Nurani Rakyat,1640,0.1255,13,1306436,Partai NasDem,482364,KPU 1050 Tahun 2024 Lampiran II,https://jdih.kpu.go.id/data/data_kepkpu/2024kpt1050_L2.pdf
Papua Pegunungan,7,Partai Gelombang Rakyat Indonesia,1256,0.0961,14,1306436,Partai NasDem,482364,KPU 1050 Tahun 2024 Lampiran II,https://jdih.kpu.go.id/data/data_kepkpu/2024kpt1050_L2.pdf
Papua Pegunungan,2,Partai Gerakan Indonesia Raya,1064,0.0814,15,1306436,Partai NasDem,482364,KPU 1050 Tahun 2024 Lampiran II,https://jdih.kpu.go.id/data/data_kepkpu/2024kpt1050_L2.pdf
Papua Pegunungan,6,Partai Buruh,97,0.0074,16,1306436,Partai NasDem,482364,KPU 1050 Tahun 2024 Lampiran II,https://jdih.kpu.go.id/data/data_kepkpu/2024kpt1050_L2.pdf
Papua Pegunungan,24,Partai Ummat,66,0.0051,17,1306436,Partai NasDem,482364,KPU 1050 Tahun 2024 Lampiran II,https://jdih.kpu.go.id/data/data_kepkpu/2024kpt1050_L2.pdf
Papua Pegunungan,13,Partai Bulan Bintang,60,0.0046,18,1306436,Partai NasDem,482364,KPU 1050 Tahun 2024 Lampiran II,https://jdih.kpu.go.id/data/data_kepkpu/2024kpt1050_L2.pdf
Papua Barat Daya,4,Partai Golongan Karya,102786,30.2287,1,340028,Partai Golongan Karya,102786,KPU 1050 Tahun 2024 Lampiran II,https://jdih.kpu.go.id/data/data_kepkpu/2024kpt1050_L2.pdf
Papua Barat Daya,14,Partai Demokrat,44618,13.1219,2,340028,Partai Golongan Karya,102786,KPU 1050 Tahun 2024 Lampiran II,https://jdih.kpu.go.id/data/data_kepkpu/2024kpt1050_L2.pdf
Papua Barat Daya,5,Partai NasDem,40959,12.0458,3,340028,Partai Golongan Karya,102786,KPU 1050 Tahun 2024 Lampiran II,https://jdih.kpu.go.id/data/data_kepkpu/2024kpt1050_L2.pdf
Papua Barat Daya,2,Partai Gerakan Indonesia Raya,34439,10.1283,4,340028,Partai Golongan Karya,102786,KPU 1050 Tahun 2024 Lampiran II,https://jdih.kpu.go.id/data/data_kepkpu/2024kpt1050_L2.pdf
Papua Barat Daya,3,Partai Demokrasi Indonesia Perjuangan,28702,8.4411,5,340028,Partai Golongan Karya,102786,KPU 1050 Tahun 2024 Lampiran II,https://jdih.kpu.go.id/data/data_kepkpu/2024kpt1050_L2.pdf
Papua Barat Daya,12,Partai Amanat Nasional,24203,7.1179,6,340028,Partai Golongan Karya,102786,KPU 1050 Tahun 2024 Lampiran II,https://jdih.kpu.go.id/data/data_kepkpu/2024kpt1050_L2.pdf
Papua Barat Daya,8,Partai Keadilan Sejahtera,15650,4.6026,7,340028,Partai Golongan Karya,102786,KPU 1050 Tahun 2024 Lampiran II,https://jdih.kpu.go.id/data/data_kepkpu/2024kpt1050_L2.pdf
Papua Barat Daya,10,Partai Hati Nurani Rakyat,12416,3.6515,8,340028,Partai Golongan Karya,102786,KPU 1050 Tahun 2024 Lampiran II,https://jdih.kpu.go.id/data/data_kepkpu/2024kpt1050_L2.pdf
Papua Barat Daya,1,Partai Kebangkitan Bangsa,10607,3.1194,9,340028,Partai Golongan Karya,102786,KPU 1050 Tahun 2024 Lampiran II,https://jdih.kpu.go.id/data/data_kepkpu/2024kpt1050_L2.pdf
Papua Barat Daya,15,Partai Solidaritas Indonesia,9355,2.7512,10,340028,Partai Golongan Karya,102786,KPU 1050 Tahun 2024 Lampiran II,https://jdih.kpu.go.id/data/data_kepkpu/2024kpt1050_L2.pdf
Papua Barat Daya,16,Partai PERINDO,4601,1.3531,11,340028,Partai Golongan Karya,102786,KPU 1050 Tahun 2024 Lampiran II,https://jdih.kpu.go.id/data/data_kepkpu/2024kpt1050_L2.pdf
Papua Barat Daya,17,Partai Persatuan Pembangunan,3373,0.992,12,340028,Partai Golongan Karya,102786,KPU 1050 Tahun 2024 Lampiran II,https://jdih.kpu.go.id/data/data_kepkpu/2024kpt1050_L2.pdf
Papua Barat Daya,7,Partai Gelombang Rakyat Indonesia,2141,0.6297,13,340028,Partai Golongan Karya,102786,KPU 1050 Tahun 2024 Lampiran II,https://jdih.kpu.go.id/data/data_kepkpu/2024kpt1050_L2.pdf
Papua Barat Daya,6,Partai Buruh,2099,0.6173,14,340028,Partai Golongan Karya,102786,KPU 1050 Tahun 2024 Lampiran II,https://jdih.kpu.go.id/data/data_kepkpu/2024kpt1050_L2.pdf
Papua Barat Daya,11,Partai Garda Republik Indonesia,1712,0.5035,15,340028,Partai Golongan Karya,102786,KPU 1050 Tahun 2024 Lampiran II,https://jdih.kpu.go.id/data/data_kepkpu/2024kpt1050_L2.pdf
Papua Barat Daya,13,Partai Bulan Bintang,1003,0.295,16,340028,Partai Golongan Karya,102786,KPU 1050 Tahun 2024 Lampiran II,https://jdih.kpu.go.id/data/data_kepkpu/2024kpt1050_L2.pdf
Papua Barat Daya,9,Partai Kebangkitan Nusantara,946,0.2782,17,340028,Partai Golongan Karya,102786,KPU 1050 Tahun 2024 Lampiran II,https://jdih.kpu.go.id/data/data_kepkpu/2024kpt1050_L2.pdf
Papua Barat Daya,24,Partai Ummat,418,0.1229,18,340028,Partai Golongan Karya,102786,KPU 1050 Tahun 2024 Lampiran II,https://jdih.kpu.go.id/data/data_kepkpu/2024kpt1050_L2.pdf
